Name,Ticker
1PM PLC,LON:OPM
1SPATIAL PLC,LON:SPA
21ST CENTURY TECHNOLOGY PLC,LON:C21
3I GROUP PLC,LON:III
3I INFRASTRUCTURE PLC,LON:3IN
4D PHARMA PLC,LON:DDDD
4IMPRINT GROUP PLC,LON:FOUR
600 GROUP PLC,LON:SIXH
7DIGITAL GROUP PLC,LON:7DIG
888 HOLDINGS PLC,LON:888
88 ENERGY LIMITED,LON:88E
AA PLC,LON:AA.
ABBEY PLC,LON:ABBY
ABCAM PLC,LON:ABC
AB DYNAMICS PLC,LON:ABDP
ABERDEEN ASIAN INCOME FUND LTD,LON:AAIF
ABERDEEN ASIAN SMALLER COMPANIES INVESTMENT TRUST PLC,LON:AAS
ABERDEEN DIVERSIFIED INCOME AND GROWTH TRUST PLC,LON:ADIG
ABERDEEN EMERGING MARKETS INVESTMENT COMPANY LIMITED,LON:AEMC
ABERDEEN FRONTIER MARKETS INVESTMENT COMPANY LIMITED,LON:AFMC
ABERDEEN JAPAN INVESTMENT TRUST PLC,LON:AJIT
ABERDEEN LATIN AMERICAN INCOME FUND LIMITED,LON:ALAI
ABERDEEN NEW DAWN INVESTMENT TRUST PLC,LON:ABD
ABERDEEN NEW INDIA INVESTMENT TRUST PLC,LON:ANII
ABERDEEN NEW THAI INVESTMENT TRUST PLC,LON:ANW
ABERDEEN SMALLER COMPANIES INCOME TRUST PLC,LON:ASCI
ABERDEEN STANDARD EUROPEAN LOGISTICS INCOME PLC,LON:ASLI
ABERFORTH SMALLER COMPANIES TRUST PLC,LON:ASL
ABERFORTH SPLIT LEVEL INCOME TRUST PLC,LON:ASIT
ABERFORTH SPLIT LEVEL INCOME TRUST PLC,LON:ASIZ
ABZENA PLC,LON:ABZA
ACACIA MINING PLC,LON:ACA
ACCESS INTELLIGENCE PLC,LON:ACC
ACCESSO TECHNOLOGY GROUP PLC,LON:ACSO
ACCROL GROUP HOLDINGS PLC,LON:ACRL
ACCSYS TECHNOLOGIES PLC,LON:AXS
ACENCIA DEBT STRATEGIES LTD,LON:ACD
ACORN INCOME FUND LD,LON:AIF
ACORN INCOME FUND LD,LON:AIFZ
ACTION HOTELS PLC,LON:AHCG
ACTIVE ENERGY GROUP PLC,LON:AEG
ACTUAL EXPERIENCE PLC,LON:ACT
ADAMAS FINANCE ASIA LIMITED,LON:ADAM
ADAMS PLC,LON:ADA
ADEPT4 PLC ,LON:AD4
ADEPT TELECOM PLC,LON:ADT
ADES INTERNATIONAL HOLDING LTD,LON:ADES
ADMIRAL GROUP PLC,LON:ADM
ADVANCED MEDICAL SOLUTIONS GROUP PLC,LON:AMS
ADVANCED ONCOTHERAPY PLC,LON:AVO
ADVFN PLC,LON:AFN
AECI LD,LON:87FZ
AEOREMA COMMUNICATIONS PLC,LON:AEO
AEW UK LONG LEASE REIT PLC,LON:AEWL
AEW UK REIT PLC,LON:AEWU
AFARAK GROUP PLC,LON:AFRK
AFC ENERGY PLC,LON:AFC
AFH FINANCIAL GROUP PLC,LON:AFHP
AFI DEVELOPMENT PLC,LON:AFRB
AFRICAN BATTERY METALS PLC,LON:ABM
AFRICA OPPORTUNITY FUND LIMITED,LON:AOF
AFRITIN MINING LIMITED,LON:ATM
AGGREGATED MICRO POWER HOLDINGS PLC,LON:AMPH
AGGREKO PLC,LON:AGK
AGRITERRA LD,LON:AGTA
AIB GROUP PLC,LON:AIBG
AIQ LIMITED,LON:AIQ
AIR CHINA LD,LON:AIRC
AIREA PLC,LON:AIEA
AIR PARTNER PLC,LON:AIR
"AKERS BIOSCIENCES, INC.",LON:AKR
ALBA MINERAL RESOURCES PLC,LON:ALBA
ALBERT TECHNOLOGIES LTD,LON:ALB
ALBION DEVELOPMENT VCT PLC,LON:AADV
ALBION ENTERPRISE VCT PLC,LON:AAEV
ALBION TECHNOLOGY & GENERAL VCT PLC,LON:AATG
ALBION VENTURE CAPITAL TST PLC,LON:AAVC
ALCENTRA EUROPEAN FLOATING RATE INCOME FUND LIMITED,LON:AEFS
ALEXANDER MINING PLC,LON:AXM
ALFA FINANCIAL SOFTWARE HOLDINGS PLC,LON:ALFA
ALL ASIA ASSET CAPITAL LIMITED,LON:AAA
ALLERGY THERAPEUTICS PLC,LON:AGY
ALLIANCE PHARMA PLC,LON:APH
ALLIANCE TRUST PLC,LON:ATST
ALLIANZ TECHNOLOGY TRUST PLC,LON:ATT
ALLIED MINDS PLC,LON:ALM
ALPHA FINANCIAL MARKETS CONSULTING PLC,LON:AFM
ALPHA FX GROUP PLC,LON:AFX
ALPHA GROWTH PLC,LON:ALGW
ALPHA REAL TRUST LIMITED,LON:ARTL
ALTERNATIVE LIQUIDITY FUND LIMITED,LON:ALF
ALTITUDE GROUP PLC,LON:ALT
ALTONA ENERGY PLC,LON:ANR
ALTUS STRATEGIES PLC,LON:ALS
ALTYN PLC,LON:ALTN
ALUMASC GROUP PLC,LON:ALU
AMATI AIM VCT PLC,LON:AMAT
AMEDEO AIR FOUR PLUS LIMITED,LON:AA4
AMEDEO RESOURCES PLC,LON:AMED
AMERISUR RESOURCES PLC,LON:AMER
AMIAD WATER SYSTEMS LTD,LON:AFS
AMIGO HOLDINGS PLC,LON:AMGO
AMINEX PLC,LON:AEX
AMINO TECHNOLOGIES PLC,LON:AMO
AMPHION INNOVATIONS PLC,LON:AMP
AMRYT PHARMA PLC,LON:AMYT
AMUR MINERALS CORPORATION,LON:AMC
ANDALAS ENERGY AND POWER PLC,LON:ADL
ANDREWS SYKES GROUP PLC,LON:ASY
ANEXO GROUP PLC,LON:ANX
ANGLE PLC,LON:AGL
ANGLESEY MINING PLC,LON:AYM
ANGLING DIRECT PLC,LON:ANG
ANGLO AFRICAN AGRICULTURE PLC,LON:AAAP
ANGLO AFRICAN OIL & GAS PLC,LON:AAOG
ANGLO AMERICAN PLC,LON:AAL
ANGLO ASIAN MINING PLC,LON:AAZ
ANGLO-EASTERN PLANTATIONS PLC,LON:AEP
ANGLO PACIFIC GROUP PLC,LON:APF
ANGUS ENERGY PLC,LON:ANGS
ANIMALCARE GROUP PLC,LON:ANCR
ANPARIO PLC,LON:ANP
ANTOFAGASTA PLC,LON:70GD
ANTOFAGASTA PLC,LON:ANTO
AORTECH INTERNATIONAL PLC,LON:AOR
AO WORLD PLC,LON:AO.
APAX GLOBAL ALPHA LIMITED,LON:APAX
APC TECHNOLOGY GROUP PLC,LON:APC
APPLEGREEN PLC,LON:APGN
APPLIED GRAPHENE MATERIALS PLC,LON:AGM
APPSCATTER GROUP PLC,LON:APPS
APQ GLOBAL LIMITED,LON:APQ
AQUILA SERVICES GROUP PLC,LON:AQSG
AQUIS EXCHANGE PLC,LON:AQX
ARBUTHNOT BANKING GROUP PLC,LON:ARBB
ARC MINERALS LIMITED,LON:ARCM
ARCONTECH GROUP PLC,LON:ARC
ARDEN PARTNERS PLC,LON:ARDN
ARENA EVENTS GROUP PLC,LON:ARE
ARGO BLOCKCHAIN PLC,LON:ARB
ARGO GROUP LIMITED,LON:ARGO
ARGOS RESOURCES LIMITED,LON:ARG
ARIANA RESOURCES PLC,LON:AAU
ARIAN SILVER CORPORATION,LON:AGQ
ARIX BIOSCIENCE PLC,LON:ARIX
ARMADALE CAPITAL PLC,LON:ACP
ARRICANO REAL ESTATE PLC,LON:ARO
ARROW GLOBAL GROUP PLC,LON:ARW
ARTEMIS ALPHA TRUST PLC,LON:ATS
ARTEMIS VCT PLC,LON:AAM
ARTILIUM PLC,LON:ARTA
ASA INTERNATIONAL GROUP PLC,LON:ASAI
ASCENTIAL PLC,LON:ASCL
ASCENT RESOURCES PLC,LON:AST
ASEANA PROPERTIES LIMITED,LON:ASPL
ASHLEY HOUSE PLC,LON:ASH
ASHLEY (LAURA) HOLDINGS PLC,LON:ALY
ASHMORE GLOBAL OPPORTUNITIES LIMITED,LON:AGOL
ASHMORE GLOBAL OPPORTUNITIES LIMITED,LON:AGOU
ASHMORE GROUP PLC,LON:ASHM
ASHOKA INDIA EQUITY INVESTMENT TRUST PLC,LON:AIE
ASHPOL PLC,LON:BC24
ASHTEAD GROUP PLC,LON:AHT
ASIAMET RESOURCES LIMITED,LON:ARS
ASOS PLC,LON:ASC
ASSETCO PLC,LON:ASTO
ASSOCIATED BRITISH ENGINEERING PLC,LON:ASBE
ASSOCIATED BRITISH FOODS PLC,LON:ABF
ASSURA PLC,LON:AGR
ASTRAZENECA PLC,LON:AZN
ATALAYA MINING PLC,LON:ATYM
ATHELNEY TRUST PLC,LON:ATY
ATLANTIS JAPAN GROWTH FUND LD,LON:AJG
ATLAS MARA LIMITED,LON:ATMA
ATTRAQT GROUP PLC,LON:ATQT
AUCTUS GROWTH PLC,LON:AUCT
AUDIOBOOM GROUP PLC,LON:BOOM
AUGEAN PLC,LON:AUG
AUGMENTUM FINTECH PLC,LON:AUGM
AUKETT SWANKE GROUP PLC,LON:AUK
AURA ENERGY LIMITED,LON:AURA
AURORA INVESTMENT TRUST PLC,LON:ARR
AUTINS GROUP PLC,LON:AUTG
AUTO TRADER GROUP PLC,LON:AUTO
AVACTA GROUP PLC,LON:AVCT
AVANTI COMMUNICATIONS GROUP PLC,LON:AVN
AVAST PLC,LON:AVST
AVATION PLC,LON:AVAP
AVESORO RESOURCES INC.,LON:ASO
AVEVA GROUP PLC,LON:AVV
AVINGTRANS PLC,LON:AVG
AVIVA PLC,LON:AV.
AVIVA PLC,LON:AV.A
AVIVA PLC,LON:AV.B
AVOCET MINING PLC,LON:AVM
AVON RUBBER PLC,LON:AVON
AXA PROPERTY TRUST LIMITED,LON:APT
AXIOM EUROPEAN FINANCIAL DEBT FUND LIMITED,LON:AXI
BABCOCK INTERNATIONAL GROUP PLC,LON:BAB
BACANORA LITHIUM PLC,LON:BCN
BAE SYSTEMS PLC,LON:BA.
BAGIR GROUP LTD.,LON:BAGR
BAHAMAS PETROLEUM COMPANY PLC,LON:BPC
BAILEY (C.H.) PLC,LON:BLEY
BAILLIE GIFFORD JAPAN TRUST PLC,LON:BGFD
BAILLIE GIFFORD SHIN NIPPON PLC,LON:BGS
BAILLIE GIFFORD UK GROWTH FUND PLC,LON:BGUK
BAILLIE GIFFORD US GROWTH TRUST PLC,LON:USA
BAKER STEEL RESOURCES TRUST LIMITED,LON:BSRT
BAKKAVOR GROUP PLC,LON:BAKK
BALFOUR BEATTY PLC,LON:BBY
BALFOUR BEATTY PLC,LON:BBYB
BANCO BILBAO VIZCAYA ARGENTARIA S.A.,LON:BVA
BANCO SANTANDER S.A.,LON:BNC
BANGO PLC,LON:BGO
BANKERS INVESTMENT TRUST PLC,LON:BNKR
BANK OF CYPRUS HOLDINGS PUBLIC LIMITED COMPANY,LON:BOCH
BANK OF GEORGIA GROUP PLC,LON:BGEO
BANK OF IRELAND (GOVERNOR & COMPANY OF THE),LON:BKIC
BANK OF IRELAND (GOVERNOR & COMPANY OF THE),LON:BKIE
BANK OF IRELAND GROUP PLC,LON:BIRG
BARCLAYS PLC,LON:BARC
BARING EMERGING EUROPE PLC,LON:BEE
BARLOWORLD LD,LON:BWO
BARON OIL PLC,LON:BOIL
BARONSMEAD SECOND VENTURE TRUST PLC,LON:BMD
BARONSMEAD VENTURE TRUST PLC,LON:BVT
BARR (A.G.) PLC,LON:BAG
BARRATT DEVELOPMENTS PLC,LON:BDEV
BASE RESOURCES LIMITED,LON:BSE
BASF SE,LON:BFA
BASKERVILLE CAPITAL PLC,LON:BASK
BATM ADVANCED COMMUNICATIONS LD,LON:BVC
BBA AVIATION PLC,LON:BBA
BBGI SICAV S.A.,LON:BBGI
BB HEALTHCARE TRUST PLC,LON:BBH
BBVA CAPITAL FUNDING LD,LON:77GD
BCA MARKETPLACE PLC,LON:BCA
BCRE - BRACK CAPITAL REAL ESTATE INVESTMENTS N.V.,LON:BCRE
BEAZLEY PLC,LON:BEZ
BEEKS FINANCIAL CLOUD GROUP PLC,LON:BKS
BEGBIES TRAYNOR GROUP PLC,LON:BEG
BE HEARD GROUP PLC,LON:BHRD
BELLWAY PLC,LON:BWY
BELLZONE MINING PLC,LON:BZM
BELVOIR LETTINGS PLC,LON:BLV
BENCHMARK HOLDINGS PLC,LON:BMK
BEOWULF MINING PLC,LON:BEM
BERKELEY ENERGIA LIMITED,LON:BKY
BERKELEY GROUP HOLDINGS (THE) PLC,LON:BKG
BEST OF THE BEST PLC,LON:BOTB
BETTER CAPITAL PCC LIMITED,LON:BC12
BETTER CAPITAL PCC LIMITED,LON:BCAP
BEZANT RESOURCES PLC,LON:BZT
BH GLOBAL LIMITED,LON:BHGG
BH GLOBAL LIMITED,LON:BHGU
BH MACRO LIMITED,LON:BHMG
BH MACRO LIMITED,LON:BHMU
BHP BILLITON PLC,LON:BLT
BIFFA PLC,LON:BIFF
BIGBLU BROADBAND PLC,LON:BBB
BIGDISH PLC,LON:DISH
BIG SOFA TECHNOLOGIES GROUP PLC,LON:BST
BIG YELLOW GROUP PLC,LON:BYG
BILBY PLC,LON:BILB
BILLING SERVICES GROUP LIMITED,LON:BILL
BILLINGTON HOLDINGS PLC,LON:BILN
BIOME TECHNOLOGIES PLC,LON:BIOM
BIOPHARMA CREDIT PLC,LON:BPC1
BIOPHARMA CREDIT PLC,LON:BPCR
BIOQUELL PLC,LON:BQE
BIOTECH GROWTH TRUST (THE) PLC,LON:BIOG
BIOVENTIX PLC,LON:BVXP
BISICHI MINING PLC,LON:BISI
BLACKROCK COMMODITIES INCOME INVESTMENT TRUST PLC,LON:BRCI
BLACKROCK EMERGING EUROPE PLC,LON:BEEP
BLACKROCK FRONTIERS INVESTMENT TRUST PLC,LON:BRFI
BLACKROCK GREATER EUROPE INVESTMENT TRUST PLC,LON:BRGE
BLACKROCK INCOME AND GROWTH INVESTMENT TRUST PLC,LON:BRIG
BLACKROCK LATIN AMERICAN INVESTMENT TRUST PLC,LON:BRLA
BLACKROCK NORTH AMERICAN INCOME TRUST PLC,LON:BRNA
BLACKROCK SMALLER CO TRUST PLC,LON:BRSC
BLACKROCK THROGMORTON TRUST PLC,LON:THRG
BLACKROCK WORLD MINING TRUST PLC,LON:BRWM
BLACKSTONE / GSO LOAN FINANCING LIMITED,LON:BGLF
BLACKSTONE / GSO LOAN FINANCING LIMITED,LON:BGLP
BLANCCO TECHNOLOGY GROUP PLC,LON:BLTG
BLOCKCHAIN WORLDWIDE PLC,LON:BLOC
BLOCK ENERGY PLC,LON:BLOE
BLOOMSBURY PUBLISHING PLC,LON:BMY
BLUEBIRD MERCHANT VENTURES LTD,LON:BMV
BLUEFIELD SOLAR INCOME FUND LIMITED,LON:BSIF
BLUEJAY MINING PLC,LON:JAY
BLUE PLANET INVESTMENT TRUST PLC,LON:BLP
BLUE PRISM GROUP PLC,LON:PRSM
BLUEROCK DIAMONDS PLC,LON:BRD
BLUE STAR CAPITAL PLC,LON:BLU
B&M EUROPEAN VALUE RETAIL S.A.,LON:BME
BODYCOTE PLC,LON:BOY
BOEING CO.,LON:BOE
"BOKU, INC.",LON:BOKU
BONHILL GROUP PLC,LON:BONH
BONMARCHE HOLDINGS PLC,LON:BON
BOOHOO GROUP PLC,LON:BOO
BOOT (HENRY) PLC,LON:BD82
BOOT (HENRY) PLC,LON:BOOT
BORDERS & SOUTHERN PETROLEUM PLC,LON:BOR
BOSTON INTERNATIONAL HOLDINGS PLC,LON:BIH
BOTSWANA DIAMONDS PLC,LON:BOD
BOUSSARD & GAVAUDAN HOLDING LIMITED,LON:BGHL
BOUSSARD & GAVAUDAN HOLDING LIMITED,LON:BGHS
BOVIS HOMES GROUP PLC,LON:BVS
BOWLEVEN PLC,LON:BLVN
BOXHILL TECHNOLOGIES PLC,LON:BOX
B.P. MARSH & PARTNERS PLC,LON:BPM
BP PLC,LON:BP.
BP PLC,LON:BP.A
BP PLC,LON:BP.B
BRADY PLC,LON:BRY
BRAEMAR SHIPPING SERVICES PLC,LON:BMS
BRAIME (T.F. & J.H.) (HOLDINGS) PLC,LON:BMT
BRAIME (T.F. & J.H.) (HOLDINGS) PLC,LON:BMTO
BRAVE BISON GROUP PLC,LON:BBSN
BRAVEHEART INVESTMENT GROUP PLC,LON:BRH
BREEDON GROUP PLC,LON:BREE
BREWIN DOLPHIN HOLDINGS PLC,LON:BRW
BRIGHTON PIER GROUP PLC (THE),LON:PIER
BRISTOL WATER PLC,LON:BWRA
BRISTOL & WEST PLC,LON:BWSA
BRITISH & AMERICAN INVESTMENT TRUST PLC,LON:BAF
BRITISH AMERICAN TOBACCO PLC,LON:BATS
BRITISH EMPIRE TRUST PLC,LON:BTEM
BRITISH LAND COMPANY PLC,LON:BLND
BRITISH SMALLER COMPANIES VCT2 PLC,LON:BSC
BRITISH SMALLER COMPANIES VCT PLC,LON:BSV
BRITVIC PLC,LON:BVIC
BROOKS MACDONALD GROUP PLC,LON:BRK
BROWN (N) GROUP PLC,LON:BWNG
BRUNNER INVESTMENT TRUST PLC,LON:44GL
BRUNNER INVESTMENT TRUST PLC,LON:BUT
B.S.D CROWN LTD,LON:BSD
BTG PLC,LON:BTG
BT GROUP PLC,LON:BT.A
BUNZL PLC,LON:BNZL
BURBERRY GROUP PLC,LON:BRBY
BURFORD CAPITAL LIMITED,LON:BUR
BUSHVELD MINERALS LIMITED,LON:BMN
BYOTROL PLC,LON:BYOT
C4X DISCOVERY HOLDINGS PLC,LON:C4XD
CABOT ENERGY PLC,LON:CAB
CADENCE MINERALS PLC,LON:KDNC
CADOGAN PETROLEUM PLC,LON:CAD
CAFFYNS PLC,LON:78GL
CAFFYNS PLC,LON:79GL
CAFFYNS PLC,LON:CFYN
CAIRN ENERGY PLC,LON:CNE
CAIRN HOMES PLC,LON:CRN
CAKE BOX HOLDINGS PLC,LON:CBOX
CALCULUS VCT PLC,LON:CLC
CALCULUS VCT PLC,LON:CLCN
CALEDONIA INVESTMENTS PLC,LON:CLDN
CALEDONIA MINING CORPORATION PLC,LON:CMCL
CALEDONIAN TRUST PLC,LON:CNN
CAMBIAN GROUP PLC,LON:CMBN
CAMBIUM GLOBAL TIMBERLAND LIMITED,LON:TREE
CAMBRIA AFRICA PLC,LON:CMB
CAMBRIA AUTOMOBILES PLC,LON:CAMB
CAMBRIDGE COGNITION HOLDINGS PLC,LON:COG
CAMELLIA PLC,LON:CAM
"CANADIAN GENERAL INVESTMENTS, LD",LON:CGI
CANADIAN OVERSEAS PETROLEUM LIMITED,LON:COPL
CAPITAL & COUNTIES PROPERTIES PLC,LON:CAPC
CAPITAL DRILLING LIMITED,LON:CAPD
CAPITAL GEARING TRUST PLC,LON:CGT
CAPITAL & REGIONAL PLC,LON:CAL
CAPITA PLC,LON:CPI
CAP-XX LIMITED,LON:CPX
CARADOR INCOME FUND PLC,LON:CIFR
CARADOR INCOME FUND PLC,LON:CIFU
CARCLO PLC,LON:CAR
CARD FACTORY PLC,LON:CARD
CARDIFF PROPERTY PLC,LON:CDFF
CARETECH HOLDINGS PLC,LON:CTH
CARIBBEAN INVESTMENT HOLDINGS LIMITED,LON:CIHL
CARILLION PLC,LON:CLLN
CARNIVAL PLC,LON:CCL
CARPETRIGHT PLC,LON:CPR
CARR'S GROUP PLC,LON:CARR
CASPIAN SUNRISE PLC,LON:CASP
CASTINGS PLC,LON:CGS
CASTLETON TECHNOLOGY PLC,LON:CTP
CATALYST MEDIA GROUP PLC,LON:CMX
CATCO REINSURANCE OPPORTUNITIES FUND LIMITED,LON:CAT
CATCO REINSURANCE OPPORTUNITIES FUND LIMITED,LON:CATC
CATENAE INNOVATION PLC,LON:CTEA
CATHAY INTERNATIONAL HOLDINGS LD,LON:CTI
C&C GROUP PLC,LON:CCR
CC JAPAN INCOME & GROWTH TRUST PLC,LON:CCJI
CELLCAST PLC,LON:CLTV
CELLO HEALTH PLC,LON:CLL
CELTIC PLC,LON:CCP
CELTIC PLC,LON:CCPA
CELTIC PLC,LON:CCPC
CENKOS SECURITIES PLC,LON:CNKS
CENTAMIN PLC,LON:CEY
CENTAUR MEDIA PLC,LON:CAU
CENTRAL ASIA METALS PLC,LON:CAML
CENTRALNIC GROUP PLC,LON:CNIC
CENTRICA PLC,LON:CNA
CEPS PLC,LON:CEPS
CERES POWER HOLDINGS PLC,LON:CWR
CERILLION PLC,LON:CER
CHAARAT GOLD HOLDINGS LTD,LON:CGH
CHAGALA GROUP LIMITED,LON:CGLO
CHALLENGER ACQUISITIONS LIMITED,LON:CHAL
CHAMBERLIN PLC,LON:CMH
CHARACTER GROUP PLC,LON:CCT
CHARIOT OIL & GAS LIMITED,LON:CHAR
CHARLES STANLEY GROUP PLC,LON:CAY
CHARLES TAYLOR PLC,LON:CTR
CHARTER COURT FINANCIAL SERVICES GROUP PLC,LON:CCFS
CHELVERTON GROWTH TRUST PLC,LON:CGW
CHELVERTON UK DIVIDEND TRUST PLC,LON:SDV
CHEMRING GROUP PLC,LON:BC88
CHEMRING GROUP PLC,LON:CHG
CHENAVARI CAPITAL SOLUTIONS LIMITED,LON:CCSL
CHENAVARI TORO INCOME FUND LIMITED,LON:TORO
CHESNARA PLC,LON:CSN
CHESTERFIELD RESOURCES PLC,LON:CHF
CHINA NEW ENERGY LIMITED,LON:CNEL
CHINA NONFERROUS GOLD LIMITED,LON:CNG
CHRISTIE GROUP PLC,LON:CTG
CHRYSALIS VCT PLC,LON:CYS
CHURCHILL CHINA PLC,LON:CHH
CINEWORLD GROUP PLC,LON:CINE
CIP MERCHANT CAPITAL LIMITED,LON:CIP
CIRCASSIA PHARMACEUTICALS PLC,LON:CIR
CIRCLE PROPERTY PLC,LON:CRC
CITY MERCHANTS HIGH YIELD TRUST LIMITED,LON:CMHY
CITY NATURAL RESOURCES HIGH YIELD TRUST PLC,LON:CYN
CITY OF LONDON GROUP PLC,LON:CIN
CITY OF LONDON INVESTMENT GROUP PLC,LON:CLIG
CITY OF LONDON INVESTMENT TRUST PLC,LON:BA47
CITY OF LONDON INVESTMENT TRUST PLC,LON:BA69
CITY OF LONDON INVESTMENT TRUST PLC,LON:CTY
CITY OF LONDON INVESTMENT TRUST PLC,LON:CTYA
CITY PUB GROUP PLC (THE),LON:CPC
CIVITAS SOCIAL HOUSING PLC,LON:CSH
CIVITAS SOCIAL HOUSING PLC,LON:CSHC
CLARKE (T.) PLC,LON:CTO
CLARKSON PLC,LON:CKN
CLEAR LEISURE PLC,LON:CLP
CLEARSTAR INC.,LON:CLSU
CLINIGEN GROUP PLC,LON:CLIN
CLIPPER LOGISTICS PLC,LON:CLG
CLONTARF ENERGY PLC,LON:CLON
CLOSE BROTHERS GROUP PLC,LON:CBG
CLOUDBUY PLC,LON:CBUY
CLOUDCALL GROUP PLC,LON:CALL
CLS HOLDINGS PLC,LON:CLI
CLUFF NATURAL RESOURCES PLC,LON:CLNR
CMC MARKETS PLC,LON:CMCX
CML MICROSYSTEMS PLC,LON:CML
COATS GROUP PLC,LON:COA
COBHAM PLC,LON:85GU
COBHAM PLC,LON:COB
COCA-COLA HBC AG,LON:CCH
CODEMASTERS GROUP HOLDINGS PLC,LON:CDM
COHORT PLC,LON:CHRT
COLEFAX GROUP PLC,LON:CFX
COLLAGEN SOLUTIONS PLC,LON:COS
COLUMBUS ENERGY RESOURCES PLC,LON:CERP
COMMERZBANK AG,LON:CZB
COMMUNISIS PLC,LON:CMS
COMPAGNIE DE SAINT-GOBAIN,LON:COD
COMPASS GROUP PLC,LON:CPG
COMPTOIR GROUP PLC,LON:COM
COMPUTACENTER PLC,LON:CCC
CONCEPTA PLC,LON:CPT
CONCHA PLC,LON:CHA
CONCURRENT TECHNOLOGIES PLC,LON:CNC
CONDOR GOLD PLC,LON:CNR
CONNECT GROUP PLC,LON:CNCT
CONNEMARA MINING COMPANY PLC,LON:CON
CONROY GOLD & NATURAL RESOURCES PLC,LON:CGNR
CONSORT MEDICAL PLC,LON:CSRT
CONTANGO HOLDINGS PLC,LON:CGO
CONTOURGLOBAL PLC,LON:GLO
CONVATEC GROUP PLC,LON:CTEC
CONYGAR INVESTMENT COMPANY PLC (THE),LON:CIC
CORA GOLD LIMITED,LON:CORA
CORAL PRODUCTS PLC,LON:CRU
CORERO NETWORK SECURITY PLC,LON:CNS
CORO ENERGY PLC,LON:CORO
COSTAIN GROUP PLC,LON:COST
COUNTRYSIDE PROPERTIES PLC,LON:CSP
COUNTRYWIDE PLC,LON:CWD
CPL RESOURCES PLC,LON:CPS
CPPGROUP PLC,LON:CPP
CQS NEW CITY HIGH YIELD FUND LIMITED,LON:NCYF
CRADLE ARC PLC,LON:CRA
CRANEWARE PLC,LON:CRW
CRANSWICK PLC,LON:CWK
CRAVEN HOUSE CAPITAL PLC,LON:CRV
CRAWSHAW GROUP PLC,LON:CRAW
CREIGHTONS PLC,LON:CRL
CREO MEDICAL GROUP PLC,LON:CREO
CREST NICHOLSON HOLDINGS PLC,LON:CRST
CRH PLC,LON:97GM
CRH PLC,LON:CRH
CRIMSON TIDE PLC,LON:TIDE
CRODA INTERNATIONAL PLC,LON:49GP
CRODA INTERNATIONAL PLC,LON:50GP
CRODA INTERNATIONAL PLC,LON:CRDA
CROMA SECURITY SOLUTIONS GROUP PLC,LON:CSSG
CROPPER (JAMES) PLC,LON:CRPR
CROWN PLACE VCT PLC,LON:CRWN
CRUSADER RESOURCES LIMITED,LON:CAS
CRYSTAL AMBER FUND LIMITED,LON:CRS
CSF GROUP PLC,LON:CSFG
CURTIS BANKS GROUP PLC,LON:CBP
CURZON ENERGY PLC,LON:CZN
CUSTODIAN REIT PLC,LON:CREI
CVC CREDIT PARTNERS EUROPEAN OPPORTUNITIES LIMITED,LON:CCPE
CVC CREDIT PARTNERS EUROPEAN OPPORTUNITIES LIMITED,LON:CCPG
CVS GROUP PLC,LON:CVSG
CYANCONNODE HOLDINGS PLC,LON:CYAN
CYBG PLC,LON:CYBG
D4T4 SOLUTIONS PLC,LON:D4T4
DAEJAN HOLDINGS PLC,LON:DJAN
DAILY MAIL & GENERAL TRUST PLC,LON:DMGT
DAIRY CREST GROUP PLC,LON:DCG
DAIRY FARM INTERNATIONAL HOLDINGS LD,LON:DFI
DAIRY FARM INTERNATIONAL HOLDINGS LD,LON:DFIB
DAIRY FARM INTERNATIONAL HOLDINGS LD,LON:DFIJ
DALATA HOTEL GROUP PLC,LON:DAL
DALRADIAN RESOURCES INC.,LON:DALR
DANAKALI LIMITED,LON:DNK
DART GROUP PLC,LON:DTG
DATANG INTERNATIONAL POWER GENERATION COMPANY LD,LON:DAT
DAVICTUS PLC,LON:DVT
DCC PLC,LON:DCC
DCD MEDIA PLC,LON:DCD
DEBENHAMS PLC,LON:DEB
DECHRA PHARMACEUTICALS PLC,LON:DPH
DEEPMATTER GROUP PLC,LON:DMTR
DEFENX PLC,LON:DFX
DEKELOIL PUBLIC LIMITED,LON:DKL
DE LA RUE PLC,LON:DLAR
DELTEX MEDICAL GROUP PLC,LON:DEMG
DERRISTON CAPITAL PLC,LON:DERR
DERWENT LONDON PLC,LON:DLN
DESTINY PHARMA PLC,LON:DEST
DEVRO PLC,LON:DVO
DEWHURST PLC,LON:DWHA
DEWHURST PLC,LON:DWHT
DFS FURNITURE PLC,LON:DFS
DIAGEO PLC,LON:DGE
DIALIGHT PLC,LON:DIA
DIGNITY PLC,LON:DTY
DILLISTONE GROUP PLC,LON:DSG
DIPLOMA PLC,LON:DPLM
DIRECTA PLUS PLC,LON:DCTA
DIRECT LINE INSURANCE GROUP PLC,LON:DLG
DISCOVERIE GROUP PLC,LON:DSCV
DISTIL PLC,LON:DIS
DIURNAL GROUP PLC,LON:DNL
DIVERSE INCOME TRUST (THE) PLC,LON:DIVI
DIVERSIFIED GAS & OIL PLC,LON:DGOC
DIXONS CARPHONE PLC,LON:DC.
DODS GROUP PLC,LON:DODS
DOLPHIN CAPITAL INVESTORS LIMITED,LON:DCI
DOMINO'S PIZZA GROUP PLC,LON:DOM
DORIC NIMROD AIR ONE LIMITED,LON:DNA
DORIC NIMROD AIR THREE LIMITED,LON:DNA3
DORIC NIMROD AIR TWO LIMITED,LON:DNA2
DOTDIGITAL GROUP PLC,LON:DOTD
DOWNING FOUR VCT PLC,LON:D467
DOWNING FOUR VCT PLC,LON:D4G
DOWNING FOUR VCT PLC,LON:D4H
DOWNING FOUR VCT PLC,LON:D4OA
DOWNING FOUR VCT PLC,LON:D4OO
DOWNING FOUR VCT PLC,LON:D4SA
DOWNING FOUR VCT PLC,LON:D4SO
DOWNING FOUR VCT PLC,LON:DO1D
DOWNING ONE VCT PLC,LON:DDV1
DOWNING STRATEGIC MICRO-CAP INVESTMENT TRUST PLC,LON:DSM
DOWNING THREE VCT PLC,LON:DP3F
DOWNING THREE VCT PLC,LON:DP3H
DOWNING THREE VCT PLC,LON:DP3J
DOWNING TWO VCT PLC,LON:DP2F
DOWNING TWO VCT PLC,LON:DP2G
DOWNING TWO VCT PLC,LON:DP2K
DP AIRCRAFT I LIMITED,LON:DPA
DP EURASIA N.V.,LON:DPEU
DP POLAND PLC,LON:DPP
DRAGANFLY INVESTMENTS LIMITED,LON:DRG
DRAGON-UKRAINIAN PROPERTIES & DEVELOPMENT PLC,LON:DUPD
DRAPER ESPRIT PLC,LON:GROW
DRAX GROUP PLC,LON:DRX
DRIVER GROUP PLC,LON:DRV
DRUM INCOME PLUS REIT PLC,LON:DRIP
DUKEMOUNT CAPITAL PLC,LON:DKE
DUKE ROYALTY LIMITED,LON:DUKE
DUNEDIN ENTERPRISE INVESTMENT TRUST PLC,LON:DNE
DUNEDIN INCOME GROWTH INVESTMENT TRUST PLC,LON:DIG
DUNEDIN SMALLER COMPANIES INVESTMENT TRUST PLC,LON:DNDL
DUNELM GROUP PLC,LON:DNLM
DX (GROUP) PLC,LON:DX.
EAGLE EYE SOLUTIONS GROUP PLC,LON:EYE
EARTHPORT PLC,LON:EPO
EASYHOTEL PLC,LON:EZH
EASYJET PLC,LON:EZJ
EBIQUITY PLC,LON:EBQ
ECCLESIASTICAL INSURANCE OFFICE PLC,LON:ELLA
ECHO ENERGY PLC,LON:ECHO
ECKOH PLC,LON:ECK
ECO ANIMAL HEALTH GROUP PLC,LON:EAH
ECO (ATLANTIC) OIL & GAS LTD,LON:ECO
ECOFIN GLOBAL UTILITIES AND INFRASTRUCTURE TRUST PLC,LON:EGL
ECR MINERALS PLC,LON:ECR
ECSC GROUP PLC,LON:ECSC
EDDIE STOBART LOGISTICS PLC,LON:ESL
EDEN RESEARCH PLC,LON:EDEN
EDENVILLE ENERGY PLC,LON:EDL
EDGE PERFORMANCE VCT PLC,LON:EDGH
EDGE PERFORMANCE VCT PLC,LON:EDGI
EDINBURGH DRAGON TRUST PLC,LON:EFM
EDINBURGH INVESTMENT TRUST PLC,LON:EDIN
EDINBURGH WORLDWIDE INVESTMENT TRUST PLC,LON:EWI
EDISTON PROPERTY INVESTMENT COMPANY PLC,LON:EPIC
EF REALISATION COMPANY LIMITED,LON:EFR
EGDON RESOURCES PLC,LON:EDR
EI GROUP PLC,LON:EIG
EIH PLC,LON:EIH
EJF INVESTMENTS LTD,LON:EJFI
EJF INVESTMENTS LTD,LON:EJFZ
EKF DIAGNOSTICS HOLDINGS PLC,LON:EKF
ELAND OIL & GAS PLC,LON:ELA
ELDERSTREET DRAPER ESPRIT VCT PLC,LON:EDV
ELECOSOFT PLC,LON:ELCO
ELECTRA PRIVATE EQUITY PLC,LON:ELTA
ELECTROCOMPONENTS PLC,LON:ECM
ELEGANT HOTELS GROUP PLC,LON:EHG
ELEKTRON TECHNOLOGY PLC,LON:EKT
ELEMENTIS PLC,LON:ELM
EL ORO LTD,LON:ELX
EMIS GROUP PLC,LON:EMIS
EMMERSON PLC,LON:EML
EMPIRIC STUDENT PROPERTY PLC,LON:ESP
EMPRESARIA GROUP PLC,LON:EMR
EMPYREAN ENERGY PLC,LON:EME
ENDEAVOUR INTERNATIONAL CORPORATION,LON:ENDV
ENERGEAN OIL & GAS PLC,LON:ENOG
ENERGISER INVESTMENTS PLC,LON:ENGI
ENQUEST PLC,LON:ENQ
ENTEQ UPSTREAM PLC,LON:NTQ
ENTERTAINMENT ONE LTD.,LON:ETO
EPE SPECIAL OPPORTUNITIES PLC,LON:ESO
EP GLOBAL OPPORTUNITIES TRUST PLC,LON:EPG
EPWIN GROUP PLC,LON:EPWN
EQTEC PLC,LON:EQT
EQUATORIAL PALM OIL PLC,LON:PAL
EQUINITI GROUP PLC,LON:EQN
ERGOMED PLC,LON:ERGO
ERRIS RESOURCES PLC,LON:ERIS
ESCAPE HUNT PLC,LON:ESC
ESERVGLOBAL LIMITED,LON:ESG
ESSENTRA PLC,LON:ESNT
ESTABLISHMENT INVESTMENT TRUST PLC,LON:ET.
ESURE GROUP PLC,LON:ESUR
E-THERAPEUTICS PLC,LON:ETX
ETHERNITY NETWORKS LTD,LON:ENET
EURASIA MINING PLC,LON:EUA
EUROCELL PLC,LON:ECEL
EUROMONEY INSTITUTIONAL INVESTOR PLC,LON:ERM
EUROPA METALS LTD,LON:EUZ
EUROPA OIL & GAS (HOLDINGS) PLC,LON:EOG
EUROPEAN ASSETS TRUST NV,LON:49BI
EUROPEAN ASSETS TRUST NV,LON:EAT
EUROPEAN METALS HOLDINGS LIMITED,LON:EMH
EUROPEAN WEALTH GROUP LIMITED,LON:EWG
EU SUPPLY PLC,LON:EUSP
EVERYMAN MEDIA GROUP PLC,LON:EMAN
EVE SLEEP PLC,LON:EVE
EVGEN PHARMA PLC,LON:EVG
EVRAZ PLC,LON:EVR
EVR HOLDINGS PLC,LON:EVRH
EXILLON ENERGY PLC,LON:EXI
EXPERIAN PLC,LON:EXPN
FAIRFX GROUP PLC,LON:FFX
FAIR OAKS INCOME LIMITED,LON:FA14
FAIR OAKS INCOME LIMITED,LON:FAIR
FALANX GROUP LIMITED,LON:FLX
FALCON OIL & GAS LTD.,LON:FOG
FANDANGO HOLDINGS PLC,LON:FHP
FAROE PETROLEUM PLC,LON:FPM
FARON PHARMACEUTICALS OY,LON:FARN
FASTFORWARD INNOVATIONS LIMITED,LON:FFWD
FASTJET PLC,LON:FJET
FBD HOLDINGS PLC,LON:FBH
F&C CAPITAL & INCOME INVESTMENT TRUST PLC,LON:FCI
F&C COMMERCIAL PROPERTY TRUST LIMITED,LON:FCPT
F&C GLOBAL SMALLER COMPANIES PLC,LON:FCS
F&C MANAGED PORTFOLIO TRUST PLC,LON:FMPG
F&C MANAGED PORTFOLIO TRUST PLC,LON:FMPI
F&C PRIVATE EQUITY TRUST PLC,LON:FPEO
F&C UK HIGH INCOME TRUST PLC,LON:FHI
F&C UK HIGH INCOME TRUST PLC,LON:FHIB
F&C UK HIGH INCOME TRUST PLC,LON:FHIU
F&C UK REAL ESTATE INVESTMENTS LIMITED,LON:FCRE
FDM GROUP (HOLDINGS) PLC,LON:FDM
FEEDBACK PLC,LON:FDBK
FERGUSON PLC,LON:FERG
FERREXPO PLC,LON:FXPO
FEVERTREE DRINKS PLC,LON:FEVR
FFI HOLDINGS PLC,LON:FFI
FIDELITY ASIAN VALUES PLC,LON:FAS
FIDELITY ASIAN VALUES PLC,LON:FASS
FIDELITY CHINA SPECIAL SITUATIONS PLC,LON:FCSS
FIDELITY EUROPEAN VALUES PLC,LON:FEV
FIDELITY JAPAN TRUST PLC,LON:FJV
FIDELITY SPECIAL VALUES PLC,LON:FSV
FIDESSA GROUP PLC,LON:FDSA
FIH GROUP PLC,LON:FIH
FILTA GROUP HOLDINGS PLC,LON:FLTA
FILTRONIC PLC,LON:FTC
FINDEL PLC,LON:FDL
FINSBURY FOOD GROUP PLC,LON:FIF
FINSBURY GROWTH & INCOME TRUST PLC,LON:FGT
FIREANGEL SAFETY TECHNOLOGY GROUP PLC,LON:FA.
FIRESTONE DIAMONDS PLC,LON:FDI
FIRST DERIVATIVES PLC,LON:FDP
FIRSTGROUP PLC,LON:FGP
FIRST PROPERTY GROUP PLC,LON:FPO
FISHER (JAMES) & SONS PLC,LON:FSJ
FISHGUARD & ROSSLARE RAILWAYS & HARBOURS COMPANY,LON:72GU
FISHING REPUBLIC PLC,LON:FISH
FISKE PLC,LON:FKE
FLETCHER KING PLC,LON:FLK
FLOWGROUP PLC,LON:FLOW
FLOWTECH FLUIDPOWER PLC,LON:FLO
FLYBE GROUP PLC,LON:FLYB
FLYING BRANDS LD,LON:FBDU
FOCUSRITE PLC,LON:TUNE
FOOTASYLUM PLC,LON:FOOT
FORBIDDEN TECHNOLOGIES PLC,LON:FBT
FOREIGN & COLONIAL INVESTMENT TRUST PLC,LON:FRCL
FORESIGHT 4 VCT PLC,LON:FTF
FORESIGHT SOLAR FUND LIMITED,LON:FSFL
FORESIGHT SOLAR & INFRASTRUCTURE VCT PLC,LON:FTSV
FORESIGHT VCT PLC,LON:FTV
FORTERRA PLC,LON:FORT
FOX MARBLE HOLDINGS PLC,LON:FOX
FOXTONS GROUP PLC,LON:FOXT
FRAGRANT PROSPERITY HOLDINGS LIMITED,LON:FPP
FRANCHISE BRANDS PLC,LON:FRAN
FRENCH CONNECTION GROUP PLC,LON:FCCN
FRENKEL TOPPING GROUP PLC,LON:FEN
FRESNILLO PLC,LON:FRES
FRONTERA RESOURCES CORPORATION,LON:FRR
FRONTIER DEVELOPMENTS PLC,LON:FDEV
FRONTIER IP GROUP PLC,LON:FIPP
FRONTIER SMART TECHNOLOGIES GROUP LIMITED,LON:FST
FULCRUM UTILITY SERVICES LD,LON:FCRM
"FULLER, SMITH & TURNER PLC",LON:53GW
"FULLER, SMITH & TURNER PLC",LON:54GW
"FULLER, SMITH & TURNER PLC",LON:FSTA
FUNDING CIRCLE SME INCOME FUND LIMITED,LON:FCIF
FUNDSMITH EMERGING EQUITIES TRUST PLC,LON:FEET
FUSION ANTIBODIES PLC,LON:FAB
FUTURA MEDICAL PLC,LON:FUM
FUTURE PLC,LON:FUTR
G3 EXPLORATION LIMITED,LON:G3E
G4S PLC,LON:GFS
GABELLI MERGER PLUS+ TRUST PLC,LON:GMP
GABELLI VALUE PLUS+ TRUST PLC,LON:GVP
GALANTAS GOLD CORPORATION,LON:GAL
GALILEO RESOURCES PLC,LON:GLR
GALLIFORD TRY PLC,LON:GFRD
GAMA AVIATION PLC,LON:GMAA
GAME DIGITAL PLC,LON:GMD
GAMES WORKSHOP GROUP PLC,LON:GAW
GAMING REALMS PLC,LON:GMR
GAMMA COMMUNICATIONS PLC,LON:GAMA
GAN PLC,LON:GAN
GATELEY (HOLDINGS) PLC,LON:GTLY
GATTACA PLC,LON:GATC
GBGI LIMITED,LON:GBGI
GB GROUP PLC,LON:GBG
GCM RESOURCES PLC,LON:GCM
GCP ASSET BACKED INCOME FUND LIMITED,LON:GABI
GCP INFRASTRUCTURE INVESTMENTS LIMITED,LON:GCP
GCP STUDENT LIVING PLC,LON:DIGS
GEAR4MUSIC (HOLDINGS) PLC,LON:G4M
GEIGER COUNTER LIMITED,LON:GCL
GEIGER COUNTER LIMITED,LON:GCS
GEM DIAMONDS LIMITED,LON:GEMD
GENEDRIVE PLC,LON:GDR
GENEL ENERGY PLC,LON:GENL
GENERAL ACCIDENT PLC,LON:GACA
GENERAL ACCIDENT PLC,LON:GACB
GENERAL ELECTRIC COMPANY,LON:GEC
GENUS PLC,LON:GNS
GEORGIA CAPITAL PLC,LON:CGEO
GEORGIA HEALTHCARE GROUP PLC,LON:GHG
GEORGIAN MINING CORPORATION,LON:GEO
GETBUSY PLC,LON:GETB
GETECH GROUP PLC,LON:GTC
GFINITY PLC,LON:GFIN
GLANBIA PLC,LON:GLB
GLAXOSMITHKLINE PLC,LON:GSK
GLENCORE PLC,LON:GLEN
GLENVEAGH PROPERTIES PLC,LON:GLV
GLI FINANCE LIMITED,LON:GLIF
GLI FINANCE LIMITED,LON:GLIZ
GLOBALDATA PLC,LON:DATA
GLOBAL FIXED INCOME REALISATION LIMITED,LON:GFIR
GLOBAL INVACOM GROUP LIMITED,LON:GINV
GLOBAL PETROLEUM LIMITED,LON:GBP
GLOBAL PORTS HOLDING PLC,LON:GPH
GLOBAL RESOURCES INVESTMENT TRUST PLC,LON:GRIT
GLOBALWORTH REAL ESTATE INVESTMENTS LIMITED,LON:GWI
GO-AHEAD GROUP PLC,LON:GOG
GOALS SOCCER CENTRES PLC,LON:GOAL
GOCOMPARE.COM GROUP PLC,LON:GOCO
GOLDEN PROSPECT PRECIOUS METALS LIMITED,LON:GPM
GOLDEN PROSPECT PRECIOUS METALS LIMITED,LON:GPSS
GOLDEN ROCK GLOBAL PLC,LON:GCG
GOLDPLAT PLC,LON:GDP
GOLDSTONE RESOURCES LIMITED,LON:GRL
GOOCH & HOUSEGO PLC,LON:GHH
GOOD ENERGY GROUP PLC,LON:GOOD
GOODWIN PLC,LON:GDWN
GORDON DADDS GROUP PLC,LON:GOR
GORE STREET ENERGY STORAGE FUND PLC,LON:GSF
GRAFENIA PLC,LON:GRA
GRAINGER PLC,LON:GRI
GRAND FORTUNE HIGH GRADE LIMITED,LON:GFHG
GRAND VISION MEDIA HOLDINGS PLC,LON:GVMH
GRC INTERNATIONAL GROUP PLC,LON:GRC
GREATLAND GOLD PLC,LON:GGP
GREAT PORTLAND ESTATES PLC,LON:GPOR
GREAT WESTERN MINING CORPORATION PLC,LON:GWMO
GREENCOAT RENEWABLES PLC,LON:GRP
GREENCOAT UK WIND PLC,LON:UKW
GREENCORE GROUP PLC,LON:GNC
GREENE KING PLC,LON:GNK
GREEN REIT PLC,LON:GRN
GREEN & SMART HOLDINGS PLC,LON:GSH
GREGGS PLC,LON:GRG
GREKA DRILLING LIMITED,LON:GDL
GRESHAM HOUSE PLC,LON:GHE
GRESHAM HOUSE STRATEGIC PLC,LON:GHS
GRESHAM TECHNOLOGIES PLC,LON:GHT
GRIFFIN MINING LIMITED,LON:GFM
GRIT REAL ESTATE INCOME GROUP LIMITED,LON:GR1T
GROUND RENTS INCOME FUND PLC,LON:GRIO
GULF INVESTMENT FUND PLC,LON:GIF
GULF KEYSTONE PETROLEUM LTD,LON:GKP
GULF MARINE SERVICES PLC,LON:GMS
GUNSYND PLC,LON:GUN
GUSBOURNE PLC,LON:GUS
GVC HOLDINGS PLC,LON:GVC
GYG PLC,LON:GYG
HADRIAN'S WALL SECURED INVESTMENTS LIMITED,LON:HWSC
HADRIAN'S WALL SECURED INVESTMENTS LIMITED,LON:HWSL
HALFORDS GROUP PLC,LON:HFD
HALMA PLC,LON:HLMA
HALOSOURCE CORPORATION,LON:HAL
HALOSOURCE CORPORATION,LON:HALO
HAMMERSON PLC,LON:HMSO
HANSARD GLOBAL PLC,LON:HSD
HANSA TRUST PLC,LON:HAN
HANSA TRUST PLC,LON:HANA
HANSTEEN HOLDINGS PLC,LON:HSTN
HARBOURVEST GLOBAL PRIVATE EQUITY LIMITED,LON:HVPE
HARDIDE PLC,LON:HDD
HARDY OIL & GAS PLC,LON:HDY
HARGREAVE HALE AIM VCT 1 PLC,LON:HHV
HARGREAVES LANSDOWN PLC,LON:HL.
HARGREAVES SERVICES PLC,LON:HSP
HARVEST MINERALS LIMITED,LON:HMI
HARVEY NASH GROUP PLC,LON:HVN
HARWOOD WEALTH MANAGEMENT GROUP PLC,LON:HW.
HARWORTH GROUP PLC,LON:HWG
HASTINGS GROUP HOLDINGS PLC,LON:HSTG
HAYDALE GRAPHENE INDUSTRIES PLC,LON:HAYD
HAYNES PUBLISHING GROUP PLC,LON:HYNS
HAYS PLC,LON:HAS
HAZEL RENEWABLE ENERGY VCT 1 PLC,LON:HR1A
HAZEL RENEWABLE ENERGY VCT 1 PLC,LON:HR1O
HAZEL RENEWABLE ENERGY VCT 2 PLC,LON:HR2A
HAZEL RENEWABLE ENERGY VCT 2 PLC,LON:HR2O
HEADLAM GROUP PLC,LON:HEAD
HEATH (SAMUEL) & SONS PLC,LON:HSM
HEAVITREE BREWERY PLC,LON:HVT
HEAVITREE BREWERY PLC,LON:HVTA
HEAVITREE BREWERY PLC,LON:HVTB
HELICAL PLC,LON:HLCL
HELIOS UNDERWRITING PLC,LON:HUW
HEMOGENYX PHARMACEUTICALS PLC,LON:HEMO
HENDERSON ALTERNATIVE STRATEGIES TRUST PLC,LON:HAST
HENDERSON DIVERSIFIED INCOME TRUST PLC,LON:HDIV
HENDERSON EUROPEAN FOCUS TRUST PLC,LON:HEFT
HENDERSON EUROTRUST PLC,LON:HNE
HENDERSON FAR EAST INCOME LIMITED,LON:HFEL
HENDERSON HIGH INCOME TRUST PLC,LON:HHI
HENDERSON INTERNATIONAL INCOME TRUST PLC,LON:HINT
HENDERSON OPPORTUNITES TRUST PLC,LON:HOT
HENDERSON SMALLER COMPANIES INVESTMENT TRUST PLC,LON:44IO
HENDERSON SMALLER COMPANIES INVESTMENT TRUST PLC,LON:HSL
HERALD INVESTMENT TRUST PLC,LON:HRI
HERENCIA RESOURCES PLC,LON:HER
HERMES PACIFIC INVESTMENTS PLC,LON:HPAC
HG CAPITAL TRUST PLC,LON:HGT
HIBERNIA REIT P.L.C.,LON:HBRN
HICL INFRASTRUCTURE COMPANY LD,LON:HICL
HIDONG ESTATE PLC,LON:HID
HIGHBRIDGE MULTI-STRATEGY FUND LIMITED,LON:HMSF
HIGHCROFT INVESTMENTS PLC,LON:HCFT
HIGHLAND GOLD MINING LD,LON:HGM
HIGHLANDS NATURAL RESOURCES PLC,LON:HNR
HIGHWAY CAPITAL PLC,LON:HWC
HIKMA PHARMACEUTICALS PLC,LON:HIK
HILL & SMITH HOLDINGS PLC,LON:HILS
HILTON FOOD GROUP PLC,LON:HFG
HIPGNOSIS SONGS FUND LIMITED,LON:SONG
HISCOX LTD,LON:HSX
HML HOLDINGS PLC,LON:HMLH
HOCHSCHILD MINING PLC,LON:HOC
HOLDERS TECHNOLOGY PLC,LON:HDT
HOLLYWOOD BOWL GROUP PLC,LON:BOWL
HOMESERVE PLC,LON:HSV
HONEYCOMB INVESTMENT TRUST PLC,LON:HONY
HONEYWELL INTERNATIONAL INCORPORATED,LON:HON
HONG KONG LAND HOLDINGS LD,LON:HKLB
HONG KONG LAND HOLDINGS LD,LON:HKLD
HONG KONG LAND HOLDINGS LD,LON:HKLJ
HORIZON DISCOVERY GROUP PLC,LON:HZD
HORIZONTE MINERALS PLC,LON:HZM
HORNBY PLC,LON:HRN
HOSTELWORLD GROUP PLC,LON:HSW
HOTEL CHOCOLAT GROUP PLC,LON:HOTC
HOWDEN JOINERY GROUP PLC,LON:HWDN
HSBC HOLDINGS PLC,LON:HSBA
HSS HIRE GROUP PLC,LON:HSS
H&T GROUP PLC,LON:HAT
HUMMINGBIRD RESOURCES PLC,LON:HUM
HUNTERS PROPERTY PLC,LON:HUNT
HUNTING PLC,LON:HTG
HUNTSWORTH PLC,LON:HNT
HURRICANE ENERGY PLC,LON:HUR
HUTCHISON CHINA MEDITECH LIMITED,LON:HCM
HVIVO PLC,LON:HVO
HWANGE COLLIERY COMPANY LIMITED,LON:HWA
HYDRODEC GROUP PLC,LON:HYR
HYDROGEN GROUP PLC,LON:HYDG
I3 ENERGY PLC,LON:I3E
IBSTOCK PLC,LON:IBST
ICG ENTERPRISE TRUST PLC,LON:ICGT
ICG-LONGBOW SENIOR SECURED UK PROPERTY DEBT INVESTMENTS LIMITED,LON:LBOW
IDEAGEN PLC,LON:IDEA
IDE GROUP HOLDINGS PLC,LON:IDE
IDOX PLC,LON:IDOX
IENERGIZER LD,LON:IBPO
IFG GROUP PLC,LON:IFP
IGAS ENERGY PLC,LON:IGAS
IG DESIGN GROUP PLC,LON:IGR
IG GROUP HOLDINGS PLC,LON:IGG
ILIKA PLC,LON:IKA
IMAGE SCAN HOLDINGS PLC,LON:IGE
IMAGINATIK PLC,LON:IMTK
IMIMOBILE PLC,LON:IMO
IMI PLC,LON:IMI
IMMEDIA GROUP PLC,LON:IME
IMMOTION GROUP PLC,LON:IMMO
IMMUNODIAGNOSTIC SYSTEMS HOLDINGS PLC,LON:IDH
IMMUPHARMA PLC,LON:IMM
IMPACT HEALTHCARE REIT PLC,LON:IHR
IMPAX ASSET MANAGEMENT GROUP PLC,LON:IPX
IMPAX ENVIRONMENTAL MARKETS PLC,LON:IEM
IMPELLAM GROUP PLC,LON:IPEL
IMPERIAL BRANDS PLC,LON:IMB
INCHCAPE PLC,LON:INCH
INCOME & GROWTH VCT (THE) PLC,LON:IGV
INDEPENDENT INVESTMENT TRUST PLC,LON:IIT
INDEPENDENT NEWS & MEDIA PLC,LON:INM
INDEPENDENT OIL & GAS PLC,LON:IOG
INDIA CAPITAL GROWTH FUND LIMITED,LON:IGC
INDIGOVISION GROUP PLC,LON:IND
INDIVIOR PLC,LON:INDV
INDUS GAS LIMITED,LON:INDI
I-NEXUS GLOBAL PLC,LON:INX
INFORMA PLC,LON:INF
INFRASTRATA PLC,LON:INFA
INFRASTRUCTURE INDIA PLC,LON:IIP
INGENIOUS ENTERTAINMENT VCT 1 PLC,LON:IE1G
INGENIOUS ENTERTAINMENT VCT 1 PLC,LON:IE1H
INGENIOUS ENTERTAINMENT VCT 2 PLC,LON:IEVG
INGENIOUS ENTERTAINMENT VCT 2 PLC,LON:IEVH
INGENTA PLC,LON:ING
INLAND HOMES PLC,LON:INL
INLAND ZDP PLC,LON:INLZ
INMARSAT PLC,LON:ISAT
INNOVADERMA PLC,LON:IDP
INSPIRATION HEALTHCARE GROUP PLC,LON:IHC
INSPIRED ENERGY PLC,LON:INSE
INSPIRIT ENERGY HOLDINGS PLC,LON:INSP
INSTEM PLC,LON:INS
INTEGRAFIN HOLDINGS PLC,LON:IHP
INTEGRATED DIAGNOSTICS HOLDINGS PLC,LON:IDHC
INTEGUMEN PLC,LON:SKIN
INTERCEDE GROUP PLC,LON:IGP
INTERCONTINENTAL HOTELS GROUP PLC,LON:IHG
INTERMEDIATE CAPITAL GROUP PLC,LON:ICP
INTERNATIONAL BIOTECHNOLOGY TRUST PLC,LON:IBT
INTERNATIONAL BUSINESS MACHINES CORPORATION,LON:IBM
INTERNATIONAL CONSOLIDATED AIRLINES GROUP S.A.,LON:IAG
INTERNATIONAL FERRO METALS LIMITED,LON:IFL
INTERNATIONAL PERSONAL FINANCE PLC,LON:IPF
INTERNATIONAL PUBLIC PARTNERSHIPS LD,LON:INPP
INTERSERVE PLC,LON:IRV
INTERTEK GROUP PLC,LON:ITRK
INTU PROPERTIES PLC,LON:INTU
INVESCO ASIA TRUST PLC,LON:IAT
INVESCO INCOME GROWTH TRUST PLC,LON:IVI
INVESCO PERPETUAL ENHANCED INCOME LIMITED,LON:IPE
INVESCO PERPETUAL SELECT TRUST PLC,LON:IVPB
INVESCO PERPETUAL SELECT TRUST PLC,LON:IVPG
INVESCO PERPETUAL SELECT TRUST PLC,LON:IVPM
INVESCO PERPETUAL SELECT TRUST PLC,LON:IVPU
INVESCO PERPETUAL UK SMALLER COMPANIES INVESTMENT TRUST PLC,LON:IPU
INVESTEC INVESTMENT TRUST PLC,LON:46HA
INVESTEC INVESTMENT TRUST PLC,LON:47HA
INVESTEC PLC,LON:INVP
INVESTEC PLC,LON:INVR
INVESTMENT COMPANY PLC,LON:INV
IOFINA PLC,LON:IOF
IOMART GROUP PLC,LON:IOM
IP GROUP PLC,LON:IPO
IQE PLC,LON:IQE
IRF EUROPEAN FINANCE INVESTMENTS LTD,LON:IRF
IRISH CONTINENTAL GROUP PLC,LON:ICGC
IRONRIDGE RESOURCES LIMITED,LON:IRR
IRONVELD PLC,LON:IRON
ITACONIX PLC,LON:ITX
ITE GROUP PLC,LON:ITE
ITM POWER PLC,LON:ITM
ITV PLC,LON:ITV
IWG PLC,LON:IWG
IXICO PLC,LON:IXI
J2 ACQUISITION LIMITED,LON:JTWO
JADESTONE ENERGY INC,LON:JSE
JAMES HALSTEAD PLC,LON:JHD
JAMES HALSTEAD PLC,LON:JHDA
JANGADA MINES PLC,LON:JAN
JARDINE LLOYD THOMPSON GROUP PLC,LON:JLT
JARDINE MATHESON HOLDINGS LD,LON:JAR
JARDINE MATHESON HOLDINGS LD,LON:JARB
JARDINE MATHESON HOLDINGS LD,LON:JARJ
JARDINE STRATEGIC HOLDINGS LD,LON:88EI
JARDINE STRATEGIC HOLDINGS LD,LON:JDS
JARDINE STRATEGIC HOLDINGS LD,LON:JDSB
JARVIS SECURITIES PLC,LON:JIM
JAYWING PLC,LON:JWNG
JD SPORTS FASHION PLC,LON:JD.
JERSEY ELECTRICITY PLC,LON:JEL
JERSEY OIL AND GAS PLC,LON:JOG
JKX OIL & GAS PLC,LON:JKX
JOHN LAING ENVIRONMENTAL ASSETS GROUP LIMITED,LON:JLEN
JOHN LAING GROUP PLC,LON:JLG
JOHN LAING INFRASTRUCTURE FUND LIMITED,LON:JLIF
JOHN LEWIS OF HUNGERFORD PLC,LON:JLH
JOHNSON MATTHEY PLC,LON:JMAT
JOHNSON SERVICE GROUP PLC,LON:JSG
JOHNSTON PRESS PLC,LON:JPR
JOULES GROUP PLC,LON:JOUL
JPEL PRIVATE EQUITY LIMITED,LON:JPEL
JPJ GROUP PLC,LON:JPJ
JPMORGAN AMERICAN INVESTMENT TRUST PLC,LON:JAM
JPMORGAN ASIAN INVESTMENT TRUST PLC,LON:JAI
JPMORGAN BRAZIL INVESTMENT TRUST PLC,LON:JPB
JPMORGAN CHINESE INVESTMENT TRUST PLC,LON:JMC
JPMORGAN CLAVERHOUSE INVESTMENT TRUST PLC,LON:JCH
JPMORGAN ELECT PLC,LON:JPE
JPMORGAN ELECT PLC,LON:JPEC
JPMORGAN ELECT PLC,LON:JPEI
JPMORGAN EMERGING MARKETS INVESTMENT TRUST PLC,LON:JMG
JPMORGAN EUROPEAN INVESTMENT TRUST PLC,LON:JETG
JPMORGAN EUROPEAN INVESTMENT TRUST PLC,LON:JETI
JPMORGAN EURO SMALL CO. TRUST PLC,LON:JESC
JPMORGAN GLOBAL CONVERTIBLES INCOME FUND LIMITED,LON:JGCI
JPMORGAN GLOBAL EMERGING MARKETS INCOME TRUST PLC,LON:JEMI
JPMORGAN GLOBAL GROWTH & INCOME PLC,LON:JPGI
JPMORGAN INDIAN INVESTMENT TRUST PLC,LON:JII
JPMORGAN JAPANESE INVESTMENT TRUST PLC,LON:JFJ
JPMORGAN JAPAN SMALLER CO TST PLC,LON:JPS
JPMORGAN JAPAN SMALLER CO TST PLC,LON:JPSS
JPMORGAN MID CAPITAL INVESTMENT TRUST PLC,LON:JMF
JPMORGAN MULTI-ASSET TRUST PLC,LON:MATE
JPMORGAN RUSSIAN SECURITIES PLC,LON:JRS
JPMORGAN SMALLER COMPANIES INVESTMENT TRUST PLC,LON:JMI
JPMORGAN US SMALLER CO. INV TST PLC,LON:JUSC
JTC PLC,LON:JTC
JUBILEE METALS GROUP PLC,LON:JLP
JUDGES SCIENTIFIC PLC,LON:JDG
JUPITER EMERGING & FRONTIER INCOME TRUST PLC,LON:JEFI
JUPITER EUROPEAN OPPORTUNITIES TRUST PLC,LON:JEO
JUPITER FUND MANAGEMENT PLC,LON:JUP
JUPITER GREEN INVESTMENT TRUST PLC,LON:JGC
JUPITER UK GROWTH INVESTMENT TRUST PLC,LON:JUKG
JUPITER US SMALLER COMPANIES PLC,LON:JUS
JURIDICA INVESTMENTS LIMITED,LON:JIL
JUST EAT PLC,LON:JE.
JUST GROUP PLC,LON:JUST
JZ CAPITAL PARTNERS LIMITED,LON:JZCP
JZ CAPITAL PARTNERS LIMITED,LON:JZCZ
K3 BUSINESS TECHNOLOGY GROUP PLC,LON:KBT
K3 CAPITAL GROUP PLC,LON:K3C
KAINOS GROUP PLC,LON:KNOS
KAKUZI LD,LON:KAKU
KAPE TECHNOLOGIES PLC,LON:KAPE
KARELIAN DIAMOND RESOURCES PLC,LON:KDR
KATORO GOLD PLC,LON:KAT
KAVANGO RESOURCES PLC,LON:KAV
KAZERA GLOBAL PLC,LON:KZG
KAZ MINERALS PLC,LON:KAZ
KCOM GROUP PLC,LON:KCOM
KCR RESIDENTIAL REIT PLC,LON:KCR
KEFI MINERALS PLC,LON:KEFI
KELLAN GROUP (THE) PLC,LON:KLN
KELLER GROUP PLC,LON:KLR
KEMIN RESOURCES PLC,LON:KEM
KENMARE RESOURCES PLC,LON:KMR
KERAS RESOURCES PLC,LON:KRS
KERRY GROUP PLC,LON:KYGA
KEYSTONE INVESTMENT TRUST PLC,LON:70HF
KEYSTONE INVESTMENT TRUST PLC,LON:KIT
KEYSTONE LAW GROUP PLC,LON:KEYS
KEYWORDS STUDIOS PLC,LON:KWS
KIBO ENERGY PLC,LON:KIBO
KIER GROUP PLC,LON:KIE
KINGFISHER PLC,LON:KGF
KIN GROUP PLC,LON:KIN
KINGS ARMS YARD VCT PLC,LON:KAY
KINGSPAN GROUP PLC,LON:KGP
KNIGHTS GROUP HOLDINGS PLC,LON:KGH
KODAL MINERALS PLC,LON:KOD
KONAMI HOLDINGS CORPORATION,LON:KNM
KOOVS PLC,LON:KOOV
KORE POTASH PLC,LON:KP2
KOSMOS ENERGY LTD,LON:KOS
KRM22 PLC,LON:KRM
KROMEK GROUP PLC,LON:KMK
KSK POWER VENTUR PLC,LON:KSK
KUBERA CROSS-BORDER FUND LIMITED,LON:KUBC
LAKEHOUSE PLC,LON:LAKE
LAMPRELL PLC,LON:LAM
LANCASHIRE HOLDINGS LIMITED,LON:LRE
LANDORE RESOURCES LIMITED,LON:LND
LANDSCAPE ACQUISITION HOLDINGS LIMITED,LON:LAHL
LANDSCAPE ACQUISITION HOLDINGS LIMITED,LON:LAHW
LAND SECURITIES GROUP PLC,LON:LAND
LANSDOWNE OIL & GAS PLC,LON:LOGP
LATHAM (JAMES) PLC,LON:LTHM
LATHAM (JAMES) PLC,LON:LTHP
LAW DEBENTURE CORPORATION PLC,LON:LWDB
LAZARD WORLD TRUST FUND,LON:WTR
LB-SHELL PLC,LON:LBP
LEAF CLEAN ENERGY COMPANY,LON:LEAF
LEARNING TECHNOLOGIES GROUP PLC,LON:LTG
LEEDS GROUP PLC,LON:LDSG
LEGAL & GENERAL GROUP PLC,LON:LGEN
LEGENDARY INVESTMENTS PLC,LON:LEG
LEKOIL LIMITED,LON:LEK
LIDCO GROUP PLC,LON:LID
LIFE SETTLEMENT ASSETS PLC,LON:LSAA
LIFE SETTLEMENT ASSETS PLC,LON:LSAB
LIFE SETTLEMENT ASSETS PLC,LON:LSAD
LIFE SETTLEMENT ASSETS PLC,LON:LSAE
LIGHTHOUSE GROUP PLC,LON:LGT
LIGHTWAVERF PLC,LON:LWRF
LIMITLESS EARTH PLC,LON:LME
LINDSELL TRAIN INVESTMENT TRUST PLC,LON:LTI
LIONSGOLD LIMITED,LON:LION
LIONTRUST ASSET MANAGEMENT PLC,LON:LIO
LIVE COMPANY GROUP PLC,LON:LVCG
LIVERMORE INVESTMENTS GROUP LIMITED,LON:LIV
LLOYDS BANKING GROUP PLC,LON:LLOY
LMS CAPITAL PLC,LON:LMS
LOCATION SCIENCES GROUP PLC,LON:LSAI
LOK'N STORE GROUP PLC,LON:LOK
LONDON & ASSOCIATED PROPERTIES PLC,LON:LAS
LONDON FINANCE & INVESTMENT GROUP PLC,LON:LFI
LONDONMETRIC PROPERTY PLC,LON:LMP
LONDON SECURITY PLC,LON:LSC
LONDON STOCK EXCHANGE GROUP PLC,LON:LSE
LONMIN PLC,LON:LMI
LOOKERS PLC,LON:LOOK
LOOPUP GROUP PLC,LON:LOOP
LOW & BONAR PLC,LON:BD46
LOW & BONAR PLC,LON:BD70
LOW & BONAR PLC,LON:BD90
LOW & BONAR PLC,LON:LWB
LOWLAND INVESTMENT COMPANY PLC,LON:LWI
LPA GROUP PLC,LON:LPA
LSL PROPERTY SERVICES PLC,LON:LSL
LUCECO PLC,LON:LUCE
LXB RETAIL PROPERTIES PLC,LON:LXB
LXI REIT PLC,LON:LXI
MACAU PROPERTY OPPORTUNITIES FUND LIMITED,LON:MPO
MACFARLANE GROUP PLC,LON:MACF
MAESTRANO GROUP PLC,LON:MNO
MAINTEL HOLDINGS PLC,LON:MAI
MAISTRO PLC,LON:MAIS
MAJEDIE INVESTMENTS PLC,LON:MAJE
MAJESTIC WINE PLC,LON:WINE
MALVERN INTERNATIONAL PLC,LON:MLVN
MANAGEMENT CONSULTING GROUP PLC,LON:MMC
MANAGEMENT RESOURCE SOLUTIONS PLC,LON:MRS
MANCHESTER & LONDON INVESTMENT TRUST PLC,LON:MNL
MANDARIN ORIENTAL INTERNATIONAL LD,LON:MDO
MANDARIN ORIENTAL INTERNATIONAL LD,LON:MDOB
MANDARIN ORIENTAL INTERNATIONAL LD,LON:MDOJ
MAN GROUP PLC,LON:EMG
MANX FINANCIAL GROUP PLC,LON:MFX
MANX TELECOM PLC,LON:MANX
MARBLE POINT LOAN FINANCING LIMITED,LON:MPLF
MARECHALE CAPITAL PLC,LON:MAC
MARKS AND SPENCER GROUP PLC,LON:MKS
MARLOWE PLC,LON:MRL
MARSHALL MOTOR HOLDINGS PLC,LON:MMH
MARSHALLS PLC,LON:MSLH
MARSH & MCLENNAN COS. INC,LON:MHM
MARSTON'S PLC,LON:92IP
MARSTON'S PLC,LON:MARS
MARTIN CURRIE ASIA UNCONSTRAINED TRUST PLC,LON:MCP
MARTIN CURRIE GLOBAL PORTFOLIO TRUST PLC,LON:MNP
MARUWA CO. LTD,LON:MAW
MARWYN VALUE INVESTORS LIMITED,LON:MVI
MARWYN VALUE INVESTORS LIMITED,LON:MVIR
MATOMY MEDIA GROUP LTD.,LON:MTMY
MATTIOLI WOODS PLC,LON:MTW
MAVEN INCOME AND GROWTH VCT 2 PLC,LON:MIG2
MAVEN INCOME AND GROWTH VCT 3 PLC,LON:MIG3
MAVEN INCOME AND GROWTH VCT 5 PLC,LON:MIG5
MAVEN INCOME AND GROWTH VCT 6 PLC,LON:MIG6
MAVEN INCOME & GROWTH VCT 4 PLC,LON:MAV4
MAVEN INCOME & GROWTH VCT PLC,LON:MIG1
MAXCYTE INC,LON:MXCR
MAXCYTE INC,LON:MXCT
MAYAN ENERGY LIMITED,LON:MYN
MBL GROUP PLC,LON:MUBL
MCBRIDE PLC,LON:MCB
MCCARTHY & STONE PLC,LON:MCS
MCCOLL'S RETAIL GROUP PLC,LON:MCLS
MCKAY SECURITIES PLC,LON:MCKS
MC MINING LIMITED,LON:MCM
M&C SAATCHI PLC,LON:SAA
MEARS GROUP PLC,LON:MER
MEDAPHOR GROUP PLC,LON:MED
MEDIA AND INCOME TRUST PLC,LON:MEI
MEDIA AND INCOME TRUST PLC,LON:MEIP
MEDIAZEST PLC,LON:MDZ
MEDICA GROUP PLC,LON:MGP
MEDICLINIC INTERNATIONAL PLC,LON:MDC
MEDICX FUND LIMITED,LON:MXF
MEGGITT PLC,LON:MGGT
MEIKLES LIMITED,LON:MIK
MELROSE INDUSTRIES PLC,LON:MRO
MENHADEN CAPITAL PLC,LON:MHN
MENZIES(JOHN) PLC,LON:68HN
MENZIES(JOHN) PLC,LON:MNZS
MERCANTILE INVESTMENT TRUST (THE) PLC,LON:MRC
MERCANTILE PORTS & LOGISTICS LIMITED,LON:MPL
MERCHANTS TRUST PLC,LON:72HN
MERCHANTS TRUST PLC,LON:MRCH
MERCIA TECHNOLOGIES PLC,LON:MERC
MEREO BIOPHARMA GROUP PLC,LON:MPH
MERLIN ENTERTAINMENTS PLC,LON:MERL
MERRILL LYNCH INTERNATIONAL & CO CV,LON:32OC
METALS EXPLORATION PLC,LON:MTL
METAL TIGER PLC,LON:MTR
METMINCO LIMITED,LON:MNC
METRO BANK PLC,LON:MTRO
MICHELMERSH BRICK HOLDINGS PLC,LON:MBH
MICRO FOCUS INTERNATIONAL PLC,LON:MCRO
MICROGEN PLC,LON:MCGN
MICROSAIC SYSTEMS PLC,LON:MSYS
MIDATECH PHARMA PLC,LON:MTPH
MIDDLEFIELD CANADIAN INCOME PCC,LON:MCT
MIDWICH GROUP PLC,LON:MIDW
MID-WYND INTERNATIONAL INVESTMENT TRUST PLC,LON:MWY
MILA RESOURCES PLC,LON:MILA
MILLENNIUM & COPTHORNE HOTELS PLC,LON:MLC
MINCON GROUP PLC,LON:MCON
MIND GYM PLC,LON:MIND
MINDS + MACHINES GROUP LIMITED,LON:MMX
MINERAL & FINANCIAL INVESTMENTS LIMITED,LON:MAFL
MINOAN GROUP PLC,LON:MIN
MI-PAY GROUP PLC,LON:MPAY
MIRADA PLC,LON:MIRA
MIRRIAD ADVERTISING PLC,LON:MIRI
MITCHELLS & BUTLERS PLC,LON:MAB
MITHRAS INVESTMENT TRUST PLC,LON:MTH
MITIE GROUP PLC,LON:MTO
MITON GLOBAL OPPORTUNITIES PLC,LON:MIGO
MITON GROUP PLC,LON:MGR
MITON UK MICROCAP TRUST PLC,LON:MINI
MITSUBISHI ELECTRIC CORPORATION,LON:MEL
MJ GLEESON PLC,LON:GLE
MKANGO RESOURCES LTD,LON:MKA
MOBEUS INCOME & GROWTH 2 VCT PLC,LON:MIG
MOBEUS INCOME & GROWTH 4 VCT PLC,LON:MIG4
MOBEUS INCOME & GROWTH VCT PLC,LON:MIX
MOBILE STREAMS PLC,LON:MOS
MOBILE TORNADO GROUP PLC,LON:MBT
MOBILITYONE LIMITED,LON:MBO
MODERN WATER PLC,LON:MWG
MONDI PLC,LON:MNDI
MONEYSUPERMARKET.COM GROUP PLC,LON:MONY
MONKS INVESTMENT TRUST PLC,LON:MNKS
MONTANARO EUROPEAN SMALLER C. TST PLC,LON:MTE
MONTANARO UK SMALLER COMPANIES INVESTMENT TRUST PLC,LON:MTU
MORGAN ADVANCED MATERIALS PLC,LON:BA05
MORGAN ADVANCED MATERIALS PLC,LON:BA29
MORGAN ADVANCED MATERIALS PLC,LON:MGAM
MORGAN SINDALL GROUP PLC,LON:MGNS
MORRISON (WM) SUPERMARKETS PLC,LON:MRW
MORSES CLUB PLC,LON:MCL
MORTGAGE ADVICE BUREAU (HOLDINGS) PLC,LON:MAB1
MORTICE LIMITED,LON:MORT
MOSMAN OIL AND GAS LIMITED,LON:MSMN
MOSS BROS GROUP PLC,LON:MOSB
MOTHERCARE PLC,LON:MTC
MOTIF BIO PLC,LON:MTFB
MOTORPOINT GROUP PLC,LON:MOTR
MOUNTFIELD GROUP PLC,LON:MOGP
MOUNTVIEW ESTATES PLC,LON:MTVW
MPAC GROUP PLC,LON:MPAC
M.P. EVANS GROUP PLC,LON:MPE
MPORIUM GROUP PLC,LON:MPM
MS INTERNATIONAL PLC,LON:MSI
MTI WIRELESS EDGE LTD.,LON:MWE
MUCKLOW (A & J) GROUP PLC,LON:37HR
MUCKLOW (A & J) GROUP PLC,LON:MKLW
MULBERRY GROUP PLC,LON:MUL
MURGITROYD GROUP PLC,LON:MUR
MURRAY INCOME TRUST PLC,LON:MUT
MURRAY INTERNATIONAL TRUST PLC,LON:MYI
MUSEDIA CORPORATION,LON:MSD
M WINKWORTH PLC,LON:WINK
MXC CAPITAL LIMITED,LON:MXCP
MX OIL PLC,LON:MXO
MYANMAR INVESTMENTS INTERNATIONAL LIMITED,LON:MIL
MYANMAR STRATEGIC HOLDINGS LIMITED,LON:SHWE
MYCELX TECHNOLOGIES CORPORATION,LON:MYX
MYSALE GROUP PLC,LON:MYSL
MYSQUAR LIMITED,LON:MYSQ
N4 PHARMA PLC,LON:N4P
NAHL GROUP PLC,LON:NAH
NAKAMA GROUP PLC,LON:NAK
NANOCO GROUP PLC,LON:NANO
NASSTAR PLC,LON:NASA
NATIONAL EXPRESS GROUP PLC,LON:NEX
NATIONAL GRID PLC,LON:NG.
NATIONWIDE BUILDING SOCIETY,LON:NBS
NATURE GROUP PLC,LON:NGR
NAUTILUS MARINE SERVICES PLC,LON:NAUT
NB DISTRESSED DEBT INVESTMENT FUND LIMITED,LON:NBDD
NB DISTRESSED DEBT INVESTMENT FUND LIMITED,LON:NBDG
NB DISTRESSED DEBT INVESTMENT FUND LIMITED,LON:NBDX
NB GLOBAL FLOATING RATE INCOME FUND LIMITED,LON:NBLS
NB GLOBAL FLOATING RATE INCOME FUND LIMITED,LON:NBLU
NB PRIVATE EQUITY PARTNERS LIMITED,LON:NBPE
NB PRIVATE EQUITY PARTNERS LIMITED,LON:NBPP
NB PRIVATE EQUITY PARTNERS LIMITED,LON:NBPS
NCC GROUP PLC,LON:NCC
NCONDEZI ENERGY LIMITED,LON:NCCL
NEKTAN PLC,LON:NKTN
NETCALL PLC,LON:NET
NETSCIENTIFIC PLC,LON:NSCI
NEW CENTURY AIM VCT 2 PLC,LON:NCA2
NEW CENTURY AIM VCT PLC,LON:NCA
NEWMARK SECURITY PLC,LON:NWT
NEWRIVER REIT PLC,LON:NRR
NEW STAR INVESTMENT TRUST PLC,LON:NSI
NEW TREND LIFESTYLE GROUP PLC,LON:NTLG
NEX GROUP PLC,LON:NXG
NEXTENERGY SOLAR FUND LIMITED,LON:NESF
NEXT FIFTEEN COMMUNICATIONS GROUP PLC,LON:NFC
NEXT PLC,LON:NXT
NEXUS INFRASTRUCTURE PLC,LON:NEXS
NICHOLS PLC,LON:NICL
NMBZ HOLDINGS LD,LON:47UY
NMBZ HOLDINGS LD,LON:47UZ
NMBZ HOLDINGS LD,LON:NMB
NMBZ HOLDINGS LD,LON:NMBA
NMC HEALTH PLC,LON:NMC
NON-STANDARD FINANCE PLC,LON:NSF
NORCROS PLC,LON:NXR
NORISH PLC,LON:NSH
NORMAN BROADBENT PLC,LON:NBB
NORTHAMBER PLC,LON:NAR
NORTH AMERICAN INCOME TRUST (THE) PLC,LON:NAIT
NORTH ATLANTIC SMALLER COMPANIES INVESTMENT TRUST PLC,LON:NAS
NORTHBRIDGE INDUSTRIAL SERVICES PLC,LON:NBI
NORTHERN 2 VCT PLC,LON:NTV
NORTHERN 3 VCT PLC,LON:NTN
NORTHERN BEAR PLC,LON:NTBR
NORTHERN ELECTRIC PLC,LON:NTEA
NORTHERN INVESTORS COMPANY PLC,LON:NRI
NORTHERN VENTURE TRUST PLC,LON:NVT
NORTHGATE PLC,LON:67GX
NORTHGATE PLC,LON:NTG
NORTH MIDLAND CONSTRUCTION PLC,LON:NMD
NOSTRA TERRA OIL AND GAS COMPANY PLC,LON:NTOG
NOSTRUM OIL & GAS PLC,LON:NOG
NOVACYT S.A.,LON:NCYT
NUCLEUS FINANCIAL GROUP PLC,LON:NUC
NUFORMIX PLC,LON:NFX
NUMIS CORPORATION PLC,LON:NUM
NU-OIL AND GAS PLC,LON:NUOG
NWF GROUP PLC,LON:NWF
OAKLEY CAPITAL INVESTMENTS LIMITED,LON:OCI
OBTALA LIMITED,LON:OBT
OCADO GROUP PLC,LON:OCDO
OCEAN OUTDOOR LIMITED,LON:OOUT
OCEAN WILSONS (HOLDINGS) LD,LON:OCN
OCTAGONAL PLC,LON:OCT
OCTOPUS AIM VCT 2 PLC,LON:OSEC
OCTOPUS AIM VCT PLC,LON:OOA
OCTOPUS APOLLO VCT PLC,LON:OAP3
OCTOPUS TITAN VCT PLC,LON:OTV2
OCTOPUS VCT 3 PLC,LON:OCV3
OCTOPUS VCT 4 PLC,LON:OCV4
ODYSSEAN INVESTMENT TRUST PLC,LON:OIT
OILEX LD,LON:OEX
OKYO PHARMA LIMITED,LON:OKYO
OLD MUTUAL LIMITED,LON:OMU
OLEEO PLC,LON:OLEE
OMEGA DIAGNOSTICS GROUP PLC,LON:ODX
ONCIMMUNE HOLDINGS PLC,LON:ONC
ONE MEDIA IP GROUP PLC,LON:OMIP
ONESAVINGS BANK PLC,LON:OSB
ONEVIEW GROUP PLC,LON:ONEV
ONLINE BLOCKCHAIN PLC,LON:OBC
ON THE BEACH GROUP PLC,LON:OTB
ONTHEMARKET PLC,LON:OTMP
OPG POWER VENTURES PLC,LON:OPG
OPHIR ENERGY PLC,LON:OPHR
OPTIBIOTIX HEALTH PLC,LON:OPTI
ORACLE POWER PLC,LON:ORCP
ORCHARD FUNDING GROUP PLC,LON:ORCH
ORIENT TELECOMS PLC,LON:ORNT
ORIGIN ENTERPRISES PLC,LON:OGN
ORIGO PARTNERS PLC,LON:OPP
ORIGO PARTNERS PLC,LON:OPPP
ORMONDE MINING PLC,LON:ORM
OROSUR MINING INC,LON:OMI
ORYX INTERNATIONAL GROWTH FUND LTD,LON:OIG
OSIRIUM TECHNOLOGIES PLC,LON:OSI
OVOCA BIO PLC,LON:OVB
OXFORD BIODYNAMICS PLC,LON:OBD
OXFORD BIOMEDICA PLC,LON:OXB
OXFORD INSTRUMENTS PLC,LON:OXIG
OXFORD METRICS PLC,LON:OMG
OXFORD TECHNOLOGY 2 VENTURE CAPITAL TRUST PLC,LON:OXH
OXFORD TECHNOLOGY 3 VENTURE CAPITAL TRUST PLC,LON:OTT
OXFORD TECHNOLOGY 4 VENTURE CAPITAL TRUST PLC,LON:OXF
OXFORD TECHNOLOGY VENTURE CAPITAL TRUST PLC,LON:OXT
P2P GLOBAL INVESTMENTS PLC,LON:P2P
PACIFIC ALLIANCE CHINA LAND LIMITED,LON:PACL
PACIFIC ASSETS TRUST PLC,LON:PAC
PACIFIC HORIZON INVESTMENT TRUST PLC,LON:PHI
PADDY POWER BETFAIR PLC,LON:PPB
PAGEGROUP PLC,LON:PAGE
PALACE CAPITAL PLC,LON:PCA
PAN AFRICAN RESOURCES PLC,LON:PAF
PANTHEON INTERNATIONAL PLC,LON:PIN
PANTHEON RESOURCES PLC,LON:PANR
PANTHERA RESOURCES PLC,LON:PAT
PANTHER SECURITIES PLC,LON:PNS
PAPILLON HOLDINGS PLC,LON:PPHP
PARAGON BANKING GROUP PLC,LON:PAG
PARAGON ENTERTAINMENT LIMITED,LON:PEL
PARITY GROUP PLC,LON:PTY
PARK GROUP PLC,LON:PKG
PARKMEAD GROUP (THE) PLC,LON:PMG
PATAGONIA GOLD PLC,LON:PGD
PATERNOSTER RESOURCES PLC,LON:PRS
PATHFINDER MINERALS PLC,LON:PFP
PATH INVESTMENTS PLC,LON:PATH
PATISSERIE HOLDINGS PLC,LON:CAKE
PAYPOINT PLC,LON:PAY
PCF GROUP PLC,LON:PCF
PCG ENTERTAINMENT PLC,LON:PCGE
PCGH ZDP PLC,LON:PGHZ
PCI-PAL PLC,LON:PCIP
PEARSON PLC,LON:PSON
PEBBLE BEACH SYSTEMS GROUP PLC,LON:PEB
PEEL HOTELS PLC,LON:PHO
PELATRO PLC,LON:PTRO
PEMBRIDGE RESOURCES PLC,LON:PERE
PEMBROKE VCT PLC,LON:PEMB
PEMBROKE VCT PLC,LON:PEMV
PENDRAGON PLC,LON:PDG
PENNANT INTERNATIONAL GROUP PLC,LON:PEN
PENNON GROUP PLC,LON:PNN
PENNPETRO ENERGY PLC,LON:PPP
PEOPLE'S OPERATOR PLC (THE),LON:TPOP
PERMANENT TSB GROUP HOLDINGS PLC,LON:IL0A
PERPETUAL INCOME AND GROWTH INVESTMENT TRUST PLC,LON:PLI
PERSHING SQUARE HOLDINGS LTD,LON:PSH
PERSHING SQUARE HOLDINGS LTD,LON:PSHD
PERSIMMON PLC,LON:PSN
PERSONAL ASSETS TRUST PLC,LON:PNL
PERSONAL GROUP HOLDINGS PLC,LON:PGH
PETARDS GROUP PLC,LON:PEG
PETRA DIAMONDS LIMITED,LON:PDL
PETREL RESOURCES PLC,LON:PET
PETROFAC LIMITED,LON:PFC
PETRO MATAD LIMITED,LON:MATD
PETRONEFT RESOURCES PLC,LON:PTR
PETROPAVLOVSK PLC,LON:POG
PETS AT HOME GROUP PLC,LON:PETS
PGIT SECURITIES 2020 PLC,LON:PGIZ
PHAUNOS TIMBER FUND LIMITED,LON:PTF
PHAUNOS TIMBER FUND LIMITED,LON:PTFA
PHOENIX GLOBAL MINING LIMITED,LON:PGM
PHOENIX GLOBAL RESOURCES PLC,LON:PGR
PHOENIX GROUP HOLDINGS,LON:PHNX
PHOENIX SPREE DEUTSCHLAND LIMITED,LON:PSDL
PHOTO-ME INTERNATIONAL PLC,LON:PHTM
PHOTONSTAR LED GROUP PLC,LON:PSL
PHSC PLC,LON:PHSC
PHYSIOMICS PLC,LON:PYC
PICTON PROPERTY INCOME LD,LON:PCTN
PIPEHAWK PLC,LON:PIP
PIRES INVESTMENTS PLC,LON:PIRI
PITTARDS PLC,LON:PTD
PJSC LUKOIL ,LON:LKOH
PLANT HEALTH CARE PLC,LON:PHC
PLASTICS CAPITAL PLC,LON:PLA
PLAYTECH PLC,LON:PTEC
PLAZA CENTERS N.V.,LON:PLAZ
PLEXUS HOLDINGS PLC,LON:POS
PLUS500 LTD,LON:PLUS
PLUTUS POWERGEN PLC,LON:PPG
PME AFRICAN INFRASTRUCTURE OPPORTUNITIES PLC,LON:PMEA
POLAR CAPITAL GLOBAL FINANCIALS TRUST PLC,LON:PCFT
POLAR CAPITAL GLOBAL HEALTHCARE TRUST PLC,LON:PCGH
POLAR CAPITAL HOLDINGS PLC,LON:POLR
POLAR CAPITAL TECHNOLOGY TRUST PLC,LON:PCT
POLAREAN IMAGING PLC,LON:POLX
POLEMOS PLC,LON:PLMO
POLO RESOURCES LIMITED,LON:POL
POLYMETAL INTERNATIONAL PLC,LON:POLY
POLYPIPE GROUP PLC,LON:PLP
PORTA COMMUNICATIONS PLC,LON:PTCM
PORT ERIN BIOPHARMA INVESTMENTS LIMITED,LON:PEBI
PORTMEIRION GROUP PLC,LON:PMP
PORVAIR PLC,LON:PRV
POWERHOUSE ENERGY GROUP PLC,LON:PHE
PPHE HOTEL GROUP LIMITED,LON:PPH
PRAIRIE MINING LIMITED,LON:PDZ
PREDATOR OIL & GAS HOLDINGS PLC,LON:PRD
PREMAITHA HEALTH PLC,LON:NIPT
PREMIER AFRICAN MINERALS LIMITED,LON:PREM
PREMIER ASSET MANAGEMENT GROUP PLC,LON:PAM
PREMIER FOODS PLC,LON:PFD
PREMIER GLOBAL INFRASTRUCTURE TRUST PLC,LON:PGIT
PREMIER OIL PLC,LON:PMO
PREMIER TECHNICAL SERVICES GROUP PLC,LON:PTSG
PREMIER VETERINARY GROUP PLC,LON:PVG
PRESIDENT ENERGY PLC,LON:PPC
PRESSURE TECHNOLOGIES PLC,LON:PRES
PRIMARY HEALTH PROPERTIES PLC,LON:PHP
PRIME PEOPLE PLC,LON:PRP
PRIMORUS INVESTMENTS PLC,LON:PRIM
PRINCESS PRIVATE EQUITY HOLDING LIMITED,LON:PEY
PRINCESS PRIVATE EQUITY HOLDING LIMITED,LON:PEYS
PROACTIS HOLDINGS PLC,LON:PHD
PRODUCE INVESTMENTS PLC,LON:PIL
PROPERTY FRANCHISE GROUP PLC (THE),LON:TPFG
PROPHOTONIX LIMITED,LON:PPIR
PROPHOTONIX LIMITED,LON:PPIX
PROSPEX OIL AND GAS PLC,LON:PXOG
PROTEOME SCIENCES PLC,LON:PRM
PROTON POWER SYSTEMS PLC,LON:PPS
PROVEN GROWTH & INCOME VCT PLC,LON:PGOO
PROVEN VCT PLC,LON:PVN
PROVEXIS PLC,LON:PXS
PROVIDENCE RESOURCES PLC,LON:PVR
PROVIDENT FINANCIAL PLC,LON:PFG
PRS REIT (THE) PLC,LON:PRSR
PRUDENTIAL PLC,LON:PRU
PUMA VCT 10 PLC,LON:PUMX
PUMA VCT 11 PLC,LON:PU11
PUMA VCT 12 PLC,LON:PU12
PUMA VCT 13 PLC,LON:PU13
PURECIRCLE LIMITED,LON:PURE
PURETECH HEALTH PLC,LON:PRTC
PURPLEBRICKS GROUP PLC,LON:PURP
PV CRYSTALOX SOLAR PLC,LON:PVCS
PZ CUSSONS PLC,LON:PZC
QANNAS INVESTMENTS LIMITED,LON:QIL
QINETIQ GROUP PLC,LON:QQ.
QUADRISE FUELS INTERNATIONAL PLC,LON:QFI
QUARTIX HOLDINGS PLC,LON:QTX
QUARTO GROUP INCORPORATED,LON:QRT
QUILTER PLC,LON:QLT
QUIXANT PLC,LON:QXT
QUIZ PLC,LON:QUIZ
RAINBOW RARE EARTHS LIMITED,LON:RBW
RA INTERNATIONAL GROUP PLC,LON:RAI
RAMBLER METALS & MINING PLC,LON:RMM
RAMSDENS HOLDINGS PLC,LON:RFX
RANDALL & QUILTER INVESTMENT HOLDINGS LTD,LON:RQIH
RANDGOLD RESOURCES LD,LON:RRS
RANGER DIRECT LENDING FUND PLC,LON:RDL
RANGER DIRECT LENDING ZDP PLC,LON:RDLZ
RANGE RESOURCES LIMITED,LON:RRL
RANK GROUP PLC,LON:RNK
RASMALA PLC,LON:RMA
RATHBONE BROTHERS PLC,LON:RAT
RAVEN PROPERTY GROUP LIMITED,LON:RAV
RAVEN PROPERTY GROUP LIMITED,LON:RAVC
RAVEN PROPERTY GROUP LIMITED,LON:RAVP
RDI REIT P.L.C.,LON:RDI
REABOLD RESOURCES PLC,LON:RBD
REACH4ENTERTAINMENT ENTERPRISES PLC,LON:R4E
REACH PLC,LON:RCH
REACT GROUP PLC,LON:REAT
R.E.A. HOLDINGS PLC,LON:RE.
R.E.A. HOLDINGS PLC,LON:RE.B
REAL ESTATE CREDIT INVESTMENTS LIMITED,LON:RECI
REAL ESTATE INVESTORS PLC,LON:RLE
REAL GOOD FOOD PLC,LON:RGD
REALM THERAPEUTICS PLC,LON:RLM
RECKITT BENCKISER GROUP PLC,LON:RB.
RECONSTRUCTION CAPITAL II LIMITED,LON:RC2
RECORD PLC,LON:REC
REDCENTRIC PLC,LON:RCN
REDDE PLC,LON:REDD
RED EMPEROR RESOURCES NL,LON:RMP
REDHALL GROUP PLC,LON:RHL
RED ROCK RESOURCES PLC,LON:RRR
REDROW PLC,LON:RDW
REDT ENERGY PLC,LON:RED
REDX PHARMA PLC,LON:REDX
REGAL PETROLEUM PLC,LON:RPT
REGENCY MINES PLC,LON:RGM
REGIONAL REIT LIMITED,LON:RGL
REGIONAL REIT ZDP PLC,LON:RGLZ
RELX PLC,LON:REL
RENEURON GROUP PLC,LON:RENE
RENEW HOLDINGS PLC,LON:RNWH
RENEWI PLC,LON:RWI
RENISHAW PLC,LON:RSW
RENOLD PLC,LON:32ID
RENOLD PLC,LON:RNO
RENTOKIL INITIAL PLC,LON:RTO
REPUBLIC GOLDFIELDS INCORPORATED,LON:RPG
RESIDENTIAL SECURE INCOME PLC,LON:RESI
RESTAURANT GROUP PLC,LON:RTN
RESTORE PLC,LON:RST
REVOLUTION BARS GROUP PLC,LON:RBG
RHI MAGNESITA N.V.,LON:RHIM
RHYTHMONE PLC,LON:RTHM
RICARDO PLC,LON:RCDO
RICHLAND RESOURCES LTD,LON:RLD
RICHOUX GROUP PLC,LON:RIC
RICOH CO LTD,LON:RICO
RIGHTMOVE PLC,LON:RMV
RIGHTS & ISSUES INVESTMENT TRUST PLC,LON:RIII
RIO TINTO PLC,LON:RIO
RIT CAPITAL PARTNERS PLC,LON:RCP
RIVER AND MERCANTILE GROUP PLC,LON:RIV
RIVER AND MERCANTILE UK MICRO CAP INVESTMENT COMPANY LIMITED,LON:RMMC
RIVERSTONE ENERGY LIMITED,LON:RSE
RM2 INTERNATIONAL S.A.,LON:RM2
RM PLC,LON:RM.
RM SECURED DIRECT LENDING PLC,LON:RMDL
RM ZDP PLC,LON:RMDZ
ROBERT WALTERS PLC,LON:RWA
ROBINSON PLC,LON:RBN
ROCKFIRE RESOURCES PLC,LON:ROCK
ROCKHOPPER EXPLORATION PLC,LON:RKH
ROCKPOOL ACQUISITIONS PLC,LON:ROC
ROCKROSE ENERGY PLC,LON:RRE
ROLLS-ROYCE HOLDINGS PLC,LON:RR.
ROSENBLATT GROUP PLC,LON:RBGP
ROSE PETROLEUM PLC,LON:ROSE
ROSS GROUP PLC,LON:RGP
ROSSLYN DATA TECHNOLOGIES PLC,LON:RDT
ROTALA PLC,LON:ROL
ROTORK PLC,LON:76ID
ROTORK PLC,LON:ROR
ROYAL BANK OF SCOTLAND GROUP PLC,LON:RBS
ROYAL DUTCH SHELL PLC,LON:RDSA
ROYAL DUTCH SHELL PLC,LON:RDSB
ROYAL MAIL PLC,LON:RMG
RPC GROUP PLC,LON:RPC
RPS GROUP PLC,LON:RPS
RSA INSURANCE GROUP PLC,LON:RSA
RSA INSURANCE GROUP PLC,LON:RSAB
RTC GROUP PLC,LON:RTC
RUFFER INVESTMENT COMPANY LTD,LON:RICA
RURELEC PLC,LON:RUR
RWS HOLDINGS PLC,LON:RWS
RYANAIR HOLDINGS PLC,LON:RYA
SABIEN TECHNOLOGY GROUP PLC,LON:SNT
SABRE INSURANCE GROUP PLC,LON:SBRE
SAFECHARGE INTERNATIONAL GROUP LIMITED,LON:SCH
SAFE HARBOUR HOLDINGS PLC,LON:SHH
SAFELAND PLC,LON:SAF
SAFESTAY PLC,LON:SSTY
SAFESTORE HOLDINGS PLC,LON:SAFE
SAFESTYLE UK PLC,LON:SFE
SAGA PLC,LON:SAGA
SAGE GROUP PLC,LON:SGE
SAGICOR FINANCIAL CORPORATION LIMITED,LON:SFI
SAINSBURY (J) PLC,LON:SBRY
SALT LAKE POTASH LIMITED,LON:SO4
SALVARX GROUP PLC,LON:SALV
SANDERSON GROUP PLC,LON:SND
SANDITON INVESTMENT TRUST PLC,LON:SIT
SAN LEON ENERGY PLC,LON:SLE
SANNE GROUP PLC,LON:SNN
SAREUM HOLDINGS PLC,LON:SAR
SAVANNAH PETROLEUM PLC,LON:SAVP
SAVANNAH RESOURCES PLC,LON:SAV
SAVILLS PLC,LON:SVS
SCANCELL HOLDINGS PLC,LON:SCLP
SCAPA GROUP PLC,LON:SCPA
SCHLUMBERGER LD,LON:SCL
SCHOLIUM GROUP PLC,LON:SCHO
SCHRODER ASIAN TOTAL RETURN INVESTMENT COMPANY PLC,LON:ATR
SCHRODER ASIAPACIFIC FUND PLC,LON:SDP
SCHRODER EUROPEAN REAL ESTATE INVESTMENT TRUST PLC,LON:SERE
SCHRODER INCOME GROWTH FUND PLC,LON:SCF
SCHRODER JAPAN GROWTH FUND PLC,LON:SJG
SCHRODER ORIENTAL INCOME FUND LIMITED,LON:SOI
SCHRODER REAL ESTATE INVESTMENT TRUST LIMITED,LON:SREI
SCHRODERS PLC,LON:SDR
SCHRODERS PLC,LON:SDRC
SCHRODER UK MID CAP FUND PLC,LON:SCP
SCIENCE GROUP PLC,LON:SAG
SCIENCE IN SPORT PLC,LON:SIS
SCIENTIFIC DIGITAL IMAGING PLC,LON:SDI
SCISYS PLC,LON:SSY
SCOTGEMS PLC,LON:SGEM
SCOTGOLD RESOURCES LIMITED,LON:SGZ
SCOTTISH AMERICAN INVESTMENT CO. PLC,LON:SCAM
SCOTTISH INVESTMENT TRUST PLC,LON:SCIN
SCOTTISH MORTGAGE INVESTMENT TRUST PLC,LON:SMT
SCOTTISH ORIENTAL SMALLER COMPANIES TRUST PLC,LON:SST
SCS GROUP PLC,LON:SCS
SDL PLC,LON:SDL
SDV 2025 ZDP PLC,LON:SDVP
SDX ENERGY INC.,LON:SDX
SEALAND CAPITAL GALAXY LIMITED,LON:SCGL
SEC S.P.A.,LON:SECG
SECURE INCOME REIT PLC,LON:SIR
SECURE PROPERTY DEVELOPMENT & INVESTMENT PLC,LON:SPDI
SECURE TRUST BANK PLC,LON:STB
SECURITIES TRUST OF SCOTLAND PLC,LON:STS
SEEING MACHINES LIMITED,LON:SEE
SEGRO PLC,LON:SGRO
SENECA GLOBAL INCOME & GROWTH TRUST PLC,LON:SIGT
SENECA GROWTH CAPITAL VCT PLC,LON:HYG
SENIOR PLC,LON:SNR
SENSYNE HEALTH PLC,LON:SENS
SEPLAT PETROLEUM DEVELOPMENT COMPANY PLC,LON:SEPL
SEQUOIA ECONOMIC INFRASTRUCTURE INCOME FUND LIMITED,LON:SEQI
SERABI GOLD PLC,LON:SRB
SERCO GROUP PLC,LON:SRP
SERICA ENERGY PLC,LON:SQZ
SERINUS ENERGY PLC,LON:SENX
SEVERFIELD PLC,LON:SFR
SEVERN TRENT PLC,LON:SVT
SHAFTESBURY PLC,LON:SHB
SHANTA GOLD LIMITED,LON:SHG
SHARE PLC,LON:SHRE
SHEARWATER GROUP PLC,LON:SWG
SHEFA YAMIM (A.T.M.) LTD,LON:SEFA
SHERBORNE INVESTORS (GUERNSEY) B LIMITED,LON:SIGB
SHERBORNE INVESTORS (GUERNSEY) C LIMITED,LON:SIGC
SHIELD THERAPEUTICS PLC,LON:STX
SHIRE PLC,LON:SHP
SHIRES INCOME PLC,LON:SHRS
SHOE ZONE PLC,LON:SHOE
SHORE CAPITAL GROUP LIMITED,LON:SGR
SIGMA CAPITAL GROUP PLC,LON:SGM
SIGMAROC PLC,LON:SRC
SIG PLC,LON:SHI
SILENCE THERAPEUTICS PLC,LON:SLN
SIMEC ATLANTIS ENERGY LIMITED,LON:SAE
SIMIGON LTD.,LON:SIM
SINCLAIR PHARMA PLC,LON:SPH
SIRIUS MINERALS PLC,LON:SXX
SIRIUS PETROLEUM PLC,LON:SRSP
SIRIUS REAL ESTATE LD,LON:SRE
SKINBIOTHERAPEUTICS PLC,LON:SBTX
SKY PLC,LON:SKY
SKY PLC,LON:SKYA
SKY PLC,LON:SKYB
SLINGSBY (H.C.) PLC,LON:SLNG
SMART (J.) & CO. (CONTRACTORS) PLC,LON:SMJ
SMART METERING SYSTEMS PLC,LON:SMS
SMARTSPACE SOFTWARE PLC,LON:SMRT
SMITH (DS) PLC,LON:SMDS
SMITH & NEPHEW PLC,LON:SN.
SMITHS GROUP PLC,LON:SMIN
SMURFIT KAPPA GROUP PLC,LON:SKG
SOCO INTERNATIONAL PLC,LON:SIA
SOFTCAT PLC,LON:SCT
SOLGOLD PLC,LON:SOLG
SOLID STATE PLC,LON:SOLI
SOLO OIL PLC,LON:SOLO
SOMERO ENTERPRISE INC.,LON:SOM
SOPHEON PLC,LON:SPE
SOPHOS GROUP PLC,LON:SOPH
SOSANDAR PLC,LON:SOS
SOUND ENERGY PLC,LON:SOU
SOUTH32 LIMITED,LON:S32
SPACEANDPEOPLE PLC,LON:SAL
SPECTRA SYSTEMS CORPORATION,LON:SPSC
SPECTRA SYSTEMS CORPORATION,LON:SPSY
SPECTRIS PLC,LON:SXS
SPEEDY HIRE PLC,LON:SDY
SPINNAKER OPPORTUNITIES PLC,LON:SOP
SPIRAX-SARCO ENGINEERING PLC,LON:SPX
SPIRE HEALTHCARE GROUP PLC,LON:SPI
SPIRENT COMMUNICATIONS PLC,LON:SPT
SPITFIRE OIL LIMITED,LON:SRO
SPORTECH PLC,LON:SPO
SPORTS DIRECT INTERNATIONAL PLC,LON:SPD
SPRINGFIELD PROPERTIES PLC,LON:SPR
SQN ASSET FINANCE INCOME FUND LIMITED,LON:SQN
SQN ASSET FINANCE INCOME FUND LIMITED,LON:SQNX
SQN SECURED INCOME FUND PLC,LON:SSIF
SRT MARINE SYSTEMS PLC,LON:SRT
SSE PLC,LON:SSE
SSP GROUP PLC,LON:SSPG
STAFFLINE GROUP PLC,LON:STAF
STAGECOACH GROUP PLC,LON:SGC
STANDARD CHARTERED PLC,LON:STAN
STANDARD LIFE ABERDEEN PLC,LON:SLA
STANDARD LIFE EQUITY INCOME TRUST PLC,LON:SLET
STANDARD LIFE INVESTMENTS PROPERTY INCOME TRUST LD,LON:SLI
STANDARD LIFE PRIVATE EQUITY TRUST PLC,LON:SLPE
STANDARD LIFE UK SMALLER COMPANIES TRUST PLC,LON:SLS
STANLEY GIBBONS GROUP PLC,LON:SGI
STARCOM PLC,LON:STAR
STARVEST PLC,LON:SVE
STARWOOD EUROPEAN REAL ESTATE FINANCE LIMITED,LON:SWEF
STATPRO GROUP PLC,LON:SOG
STENPROP LIMITED,LON:STP
STEPPE CEMENT LTD,LON:STCM
STERLING ENERGY PLC,LON:SEY
STHREE PLC,LON:STHR
STILFONTEIN GOLD MINING CO LD,LON:STIL
STILO INTERNATIONAL PLC,LON:STL
STIRLING INDUSTRIES PLC,LON:STRL
ST. IVES PLC,LON:SIV
ST. JAMES'S PLACE PLC,LON:STJ
STM GROUP PLC,LON:STM
ST.MODWEN PROPERTIES PLC,LON:SMP
STOBART GROUP LD,LON:STOB
STOCK SPIRITS GROUP PLC,LON:STCK
ST PETER PORT CAPITAL LIMITED,LON:SPPC
STRANGER HOLDINGS PLC,LON:STHP
STRAT AERO PLC,LON:AERO
STRATEGIC EQUITY CAPITAL PLC,LON:SEC
STRATEGIC MINERALS PLC,LON:SML
STRATEX INTERNATIONAL PLC,LON:STI
STRIDE GAMING PLC,LON:STR
STRIX GROUP PLC,LON:KETL
STV GROUP PLC,LON:STVG
SUMMIT GERMANY LIMITED,LON:SMTG
SUMMIT THERAPEUTICS PLC,LON:SUMM
SUMO GROUP PLC,LON:SUMO
SUNRISE RESOURCES PLC,LON:SRES
SUPERDRY PLC,LON:SDRY
SUPERMARKET INCOME REIT PLC,LON:SUPR
S & U PLC,LON:46IE
S & U PLC,LON:47IE
S & U PLC,LON:SUS
SURE VENTURES PLC,LON:SURE
SURFACE TRANSFORMS PLC,LON:SCE
SURGICAL INNOVATIONS GROUP PLC,LON:SUN
SUTTON HARBOUR HOLDINGS PLC,LON:SUH
SVM UK EMERGING FUND PLC,LON:SVM
SWALLOWFIELD PLC,LON:SWL
SYLVANIA PLATINUM LIMITED,LON:SLP
SYMPHONY ENVIRONMENTAL TECHNOLOGIES PLC,LON:SYM
SYMPHONY INTERNATIONAL HOLDINGS LD,LON:SIHL
SYNAIRGEN PLC,LON:SNG
SYNCONA LIMITED,LON:SYNC
SYNECTICS PLC,LON:SNX
SYNTHOMER PLC,LON:SYNT
SYSGROUP PLC,LON:SYS
SYSTEM1 GROUP PLC,LON:SYS1
TALIESIN PROPERTY FUND LIMITED,LON:TPFZ
TALKTALK TELECOM GROUP PLC,LON:TALK
TANDEM GROUP PLC,LON:TND
TANFIELD GROUP PLC,LON:TAN
TAPTICA INTERNATIONAL LTD,LON:TAP
TARGET HEALTHCARE REIT LIMITED,LON:THRL
TARSUS GROUP PLC,LON:TRS
TASTY PLC,LON:TAST
TATE & LYLE PLC,LON:BD15
TATE & LYLE PLC,LON:TATE
TATTON ASSET MANAGEMENT PLC,LON:TAM
TAU CAPITAL PLC,LON:TAU
TAVISTOCK INVESTMENTS PLC,LON:TAVI
TAX SYSTEMS PLC,LON:TAX
TAYLOR WIMPEY PLC,LON:TW.
TBC BANK GROUP PLC,LON:TBCG
TEAM17 GROUP PLC,LON:TM17
TECHFINANCIALS INC,LON:TECH
TED BAKER PLC,LON:TED
TEKCAPITAL PLC,LON:TEK
TEKMAR GROUP PLC,LON:TGP
TELECOM PLUS PLC,LON:TEP
TELEFONICA SA,LON:TDE
TELFORD HOMES PLC,LON:TEF
TELIT COMMUNICATIONS PLC,LON:TCM
TEMPLE BAR INVESTMENT TRUST PLC,LON:TMPL
TEMPLETON EMERGING MARKETS INVESTMENT TRUST PLC,LON:TEM
TEN ENTERTAINMENT GROUP PLC,LON:TEG
TEN LIFESTYLE GROUP PLC,LON:TENG
TERN PLC,LON:TERN
TERRA CAPITAL PLC,LON:TCA
TERTIARY MINERALS PLC,LON:TYM
TESCO PLC,LON:TSCO
TETRAGON FINANCIAL GROUP LIMITED,LON:TFG
TETRAGON FINANCIAL GROUP LIMITED,LON:TFGS
TEX HOLDINGS PLC,LON:TXH
THALASSA HOLDINGS LIMITED,LON:THAL
THARISA PLC,LON:THS
THE EUROPEAN INVESTMENT TRUST PLC,LON:EUT
THE FULHAM SHORE PLC,LON:FUL
THE GYM GROUP PLC,LON:GYM
THE LOCAL SHOPPING REIT PLC,LON:LSR
THE MISSION MARKETING GROUP PLC,LON:TMMG
THE RENEWABLES INFRASTRUCTURE GROUP LIMITED,LON:TRIG
THE SIMPLYBIZ GROUP PLC,LON:SBIZ
THEWORKS.CO.UK PLC,LON:WRKS
THINKSMART LIMITED,LON:TSL
THIRD POINT OFFSHORE INVESTORS LIMITED,LON:TPOS
THIRD POINT OFFSHORE INVESTORS LIMITED,LON:TPOU
THOMAS COOK GROUP PLC,LON:TCG
THOR MINING PLC,LON:THR
THORPE (F.W.) PLC,LON:TFW
THRUVISION GROUP PLC,LON:THRU
TI FLUID SYSTEMS PLC,LON:TIFS
TIGER RESOURCE PLC,LON:TIR
TIME OUT GROUP PLC,LON:TMO
TISSUE REGENIX GROUP PLC,LON:TRX
TITON HOLDINGS PLC,LON:TON
TIZIANA LIFE SCIENCES PLC,LON:TILS
TLA WORLDWIDE PLC,LON:TLA
TLOU ENERGY LIMITED,LON:TLOU
TMT INVESTMENTS PLC,LON:TMT
TOC PROPERTY BACKED LENDING TRUST PLC,LON:PBLT
TOMCO ENERGY PLC,LON:TOM
TONGAAT HULETT LIMITED,LON:THL
TOOPLE PLC,LON:TOOP
TOPPS TILES PLC,LON:TPT
TOTALLY PLC,LON:TLY
TOTAL PRODUCE PLC,LON:TOT
TOTAL S.A.,LON:TTA
TOUCHSTAR PLC,LON:TST
TOUCHSTONE EXPLORATION INC,LON:TXP
TOWER RESOURCES PLC,LON:TRP
TOWN CENTRE SECURITIES PLC,LON:TOWN
TOYOTA MOTOR CORPORATION,LON:TYT
TP GROUP PLC,LON:TPG
TP ICAP PLC,LON:TCAP
TRACKWISE DESIGNS PLC,LON:TWD
TRACSIS PLC,LON:TRCS
TRAFALGAR PROPERTY GROUP PLC,LON:TRAF
TRAKM8 HOLDINGS PLC,LON:TRAK
TRANSENSE TECHNOLOGIES PLC,LON:TRT
TRANSGLOBE ENERGY CORPORATION,LON:TGL
TRANS-SIBERIAN GOLD PLC,LON:TSG
TRAVIS PERKINS PLC,LON:TPK
TREATT PLC,LON:TET
TR EUROPEAN GROWTH TRUST PLC,LON:TRG
TRIAD GROUP PLC,LON:TRD
TRIBAL GROUP PLC,LON:TRB
TRICORN GROUP PLC,LON:TCN
TRIFAST PLC,LON:TRI
TRINITY EXPLORATION & PRODUCTION PLC,LON:TRIN
TRIPLE POINT INCOME VCT PLC,LON:TPV1
TRIPLE POINT INCOME VCT PLC,LON:TPVC
TRIPLE POINT INCOME VCT PLC,LON:TPVD
TRIPLE POINT INCOME VCT PLC,LON:TPVE
TRIPLE POINT SOCIAL HOUSING REIT PLC,LON:SOHO
TRIPLE POINT VCT 2011 PLC,LON:TPOA
TRIPLE POINT VCT 2011 PLC,LON:TPOB
TRI-STAR RESOURCES PLC,LON:TSTR
TRISTEL PLC,LON:TSTL
TRITAX BIG BOX REIT PLC,LON:BBOX
TRITAX EUROBOX PLC,LON:BOXE
TRITAX EUROBOX PLC,LON:EBOX
TROY INCOME & GROWTH TRUST PLC,LON:TIGT
TR PROPERTY INVESTMENT TRUST PLC,LON:TRY
TRUFIN PLC,LON:TRU
TT ELECTRONICS PLC,LON:TTG
TUFTON OCEANIC ASSETS LIMITED,LON:SHIP
TUI AG,LON:TUI
TULLOW OIL PLC,LON:TLW
TUNGSTEN CORPORATION PLC,LON:TUNG
TWENTYFOUR INCOME FUND LIMITED,LON:TFIF
TWENTYFOUR SELECT MONTHLY INCOME FUND LIMITED,LON:SMIF
TWO SHIELDS INVESTMENTS PLC,LON:TSI
TYMAN PLC,LON:TYMN
TYRATECH INC,LON:TYR
TYRATECH INC,LON:TYRU
UAE OIL SERVICES PLC,LON:UOS
U AND I GROUP PLC,LON:UAI
UBISENSE GROUP PLC,LON:UBI
UDG HEALTHCARE PUBLIC LIMITED COMPANY,LON:UDG
UIL FINANCE LIMITED,LON:UTLD
UIL FINANCE LIMITED,LON:UTLE
UIL FINANCE LIMITED,LON:UTLF
UIL FINANCE LIMITED,LON:UTLG
UIL FINANCE LIMITED,LON:UTLH
UIL LIMITED,LON:UTL
UK COMMERCIAL PROPERTY REIT LIMITED,LON:UKCM
UK MORTGAGES LIMITED,LON:UKML
UK OIL & GAS PLC,LON:UKOG
UKRPRODUCT GROUP LIMITED,LON:UKR
ULS TECHNOLOGY PLC,LON:ULS
ULTIMATE SPORTS GROUP PLC,LON:USG
ULTRA ELECTRONICS HOLDINGS PLC,LON:ULE
UNICORN AIM VCT PLC,LON:UAV
UNILEVER PLC,LON:ULVR
UNION JACK OIL PLC,LON:UJO
UNISYS CORPORATION,LON:USY
UNITED CARPETS GROUP PLC,LON:UCG
UNITED OIL & GAS PLC,LON:UOG
UNITED UTILITIES GROUP PLC,LON:UU.
UNITE GROUP PLC,LON:UTG
UNIVERSE GROUP PLC,LON:UNG
UNIVISION ENGINEERING LIMITED,LON:UVEL
UP GLOBAL SOURCING HOLDINGS PLC,LON:UPGS
UPLAND RESOURCES LIMITED,LON:UPL
URA HOLDINGS PLC,LON:URA
URALS ENERGY PUBLIC COMPANY LIMITED,LON:UEN
URBAN&CIVIC PLC,LON:UANC
URBAN EXPOSURE PLC,LON:UEX
URBAN LOGISTICS REIT PLC,LON:SHED
URU METALS LIMITED,LON:URU
UTILICO EMERGING MARKETS TRUST PLC,LON:UEM
UTILITYWISE PLC,LON:UTW
UVENCO UK PLC,LON:UVEN
VALIRX PLC,LON:VAL
VALUE AND INCOME TRUST PLC,LON:VIN
VAN ELLE HOLDINGS PLC,LON:VANL
VAST RESOURCES PLC,LON:VAST
VECTURA GROUP PLC,LON:VEC
VEDANTA RESOURCES PLC,LON:VED
VEDANTA RESOURCES PLC,LON:VEDA
VEDANTA RESOURCES PLC,LON:VEDB
VELA TECHNOLOGIES PLC,LON:VELA
VELOCITY COMPOSITES PLC,LON:VEL
VELOCYS PLC,LON:VLS
VELTYCO GROUP PLC,LON:VLTY
VENN LIFE SCIENCES HOLDINGS PLC,LON:VENN
VENTURE LIFE GROUP PLC,LON:VLG
VENTUS 2 VCT PLC,LON:VEN2
VENTUS 2 VCT PLC,LON:VNC
VENTUS 2 VCT PLC,LON:VND
VENTUS VCT PLC,LON:VEN
VENTUS VCT PLC,LON:VENC
VENTUS VCT PLC,LON:VEND
VERDITEK PLC,LON:VDTK
VERNALIS PLC,LON:VER
VERONA PHARMA PLC,LON:VRP
VERSARIEN PLC,LON:VRS
VERSEON CORPORATION,LON:VSN
VERTU CAPITAL LIMITED,LON:VCBC
VERTU MOTORS PLC,LON:VTU
VESUVIUS PLC,LON:VSVS
VIANET GROUP PLC,LON:VNET
VICTORIA OIL & GAS PLC,LON:VOG
VICTORIA PLC,LON:VCP
VICTREX PLC,LON:VCT
VIETNAM ENTERPRISE INVESTMENTS LIMITED,LON:VEIL
VIETNAM HOLDING LIMITED,LON:VNH
VINACAPITAL VIETNAM OPPORTUNITY FUND LD,LON:VOF
VINALAND LIMITED,LON:VNL
VIPERA PLC,LON:VIPA
VIRGIN MONEY HOLDINGS (UK) PLC,LON:VM.
VITEC GROUP PLC (THE),LON:VTC
VIVO ENERGY PLC,LON:VVO
VODAFONE GROUP PLC,LON:VOD
VOLEX PLC,LON:VLX
VOLGA GAS PLC,LON:VGAS
VOLTA FINANCE LIMITED,LON:VTA
VOLUTION GROUP PLC,LON:FAN
VOLVERE PLC,LON:VLE
VORDERE PLC,LON:VOR
VPC SPECIALTY LENDING INVESTMENTS PLC,LON:VSL
VP PLC,LON:VP.
VR EDUCATION HOLDINGS PLC,LON:VRE
WALCOM GROUP LIMITED,LON:WALG
WALKER CRIPS GROUP PLC,LON:WCW
WALKER GREENBANK PLC,LON:WGB
WANDISCO PLC,LON:WAND
WAREHOUSE REIT PLC,LON:WHR
WARPAINT LONDON PLC,LON:W7L
WATCHSTONE GROUP PLC,LON:WTG
WATER INTELLIGENCE PLC,LON:WATR
WATKIN JONES PLC,LON:WJG
WEATHERLY INTERNATIONAL PLC,LON:WTI
WEBIS HOLDINGS PLC,LON:WEB
WEIR GROUP PLC,LON:WEIR
WEISS KOREA OPPORTUNITY FUND LTD.,LON:WKOF
WENTWORTH RESOURCES LIMITED,LON:WRL
WESTMINSTER GROUP PLC,LON:WSG
WESTMOUNT ENERGY LIMITED,LON:WTE
WETHERSPOON ( J.D.) PLC,LON:JDW
WEY EDUCATION PLC,LON:WEY
W.H. IRELAND GROUP PLC,LON:WHI
WHITBREAD PLC,LON:WTB
WH SMITH PLC,LON:SMWH
WIDECELLS GROUP PLC,LON:WDC
WILLIAM HILL PLC,LON:WMH
WILMCOTE HOLDINGS PLC,LON:WCH
WILMINGTON PLC,LON:WIL
WINCANTON PLC,LON:WIN
WINDAR PHOTONICS PLC,LON:WPHO
WISHBONE GOLD PLC,LON:WSBN
WITAN INVESTMENT TRUST PLC,LON:86IP
WITAN INVESTMENT TRUST PLC,LON:87IP
WITAN INVESTMENT TRUST PLC,LON:WTAN
WITAN PACIFIC INVESTMENT TRUST PLC,LON:WPC
WIZZ AIR HOLDINGS PLC,LON:WIZZ
WOLF MINERALS LIMITED,LON:WLFE
WOODFORD PATIENT CAPITAL TRUST PLC,LON:WPCT
WOOD GROUP (JOHN) PLC,LON:WG.
WORK SERVICE S.A.,LON:WSE
WORKSPACE GROUP PLC,LON:WKP
WORLDLINK GROUP PLC,LON:WGP
"WORLDPAY, INC.",LON:WPY
WORLDSEC LD,LON:WSL
WORLD TRADE SYSTEMS PLC,LON:WTS
WORLDWIDE HEALTHCARE TRUST PLC,LON:WWH
WORTHINGTON GROUP PLC,LON:WRN
WPP PLC,LON:WPP
W RESOURCES PLC,LON:WRES
WYG PLC,LON:WYG
WYNNSTAY GROUP PLC,LON:WYN
WYNNSTAY PROPERTIES PLC,LON:WSP
XAAR PLC,LON:XAR
XEROS TECHNOLOGY GROUP PLC,LON:XSG
XLMEDIA PLC,LON:XLM
XPEDIATOR PLC,LON:XPD
XPLORER PLC,LON:XPL
XP POWER LIMITED,LON:XPP
XPS PENSIONS GROUP PLC,LON:XPS
XTRACT RESOURCES PLC,LON:XTR
YELLOW CAKE PLC,LON:YCA
YEW GROVE REIT PLC,LON:YEW
YOLO LEISURE AND TECHNOLOGY PLC,LON:YOLO
YOUGOV PLC,LON:YOU
YOUNG & CO'S BREWERY PLC ,LON:YNGA
YOUNG & CO'S BREWERY PLC ,LON:YNGN
YU GROUP PLC,LON:YU.
ZAMANO PLC,LON:ZMNO
ZAMBEEF PRODUCTS PLC,LON:ZAM
ZANAGA IRON ORE COMPANY LIMITED,LON:ZIOC
ZCCM INVESTMENTS HOLDINGS PLC,LON:ZCC
ZEGONA COMMUNICATIONS PLC,LON:ZEG
ZENITH ENERGY LTD.,LON:ZEN
ZHEJIANG EXPRESSWAY CO,LON:ZHEH
ZIBAO METALS RECYCLING HOLDINGS PLC,LON:ZBO
ZINC MEDIA GROUP PLC,LON:ZIN
ZOLTAV RESOURCES INC,LON:ZOL
ZOO DIGITAL GROUP PLC,LON:ZOO
ZOTEFOAMS PLC,LON:ZTF
ZYTRONIC PLC,LON:ZYT
